ProductionOrderID,ProductionOrderNumber,ItemID,CustomerID,PlannedQuantity,ActualQuantity,ScheduledStartDate,ScheduledEndDate,Status,Priority,CreatedAt,ActualFinishTime,ProductionDelayMinutes,IsDelayed,QuantityVariance,CompletionRate
1,PRD-000001,41,2,981.38,961.08,2024-06-28,2024-07-20,Completed,Low,2024-06-28,2024-07-17 14:00:00,0.0,0,-20.3,0.9793
2,PRD-000002,78,28,855.25,790.42,2025-04-28,2025-06-07,Completed,Critical,2025-04-28,2025-06-04 14:00:00,0.0,0,-64.83,0.9242
3,PRD-000003,130,23,961.02,209.65,2023-04-28,2023-05-04,InProgress,Low,2023-04-28,2023-05-04 06:00:00,360.0,1,-751.37,0.2182
4,PRD-000004,2,30,951.92,951.43,2025-03-16,2025-03-26,Completed,Medium,2025-03-16,2025-03-26 06:00:00,360.0,1,-0.49,0.9995
5,PRD-000005,161,35,714.61,492.14,2023-09-09,2023-10-19,OnHold,High,2023-09-09,2023-10-15 06:00:00,0.0,0,-222.47,0.6887
6,PRD-000006,184,37,573.84,531.35,2023-09-07,2023-09-29,Completed,High,2023-09-07,2023-09-29 06:00:00,360.0,1,-42.49,0.926
7,PRD-000007,133,38,442.63,0.0,2025-01-30,2025-03-07,Scheduled,Low,2025-01-30,2025-03-06 06:00:00,0.0,0,-442.63,0.0
8,PRD-000008,21,6,597.63,542.23,2025-04-09,2025-05-29,Completed,Low,2025-04-09,2025-05-28 14:00:00,0.0,0,-55.4,0.9073
9,PRD-000009,174,34,626.12,0.0,2025-08-04,2025-09-06,Scheduled,Medium,2025-08-04,2025-09-03 06:00:00,0.0,0,-626.12,0.0
10,PRD-000010,163,28,981.37,901.89,2024-08-18,2024-09-15,Completed,Critical,2024-08-18,2024-09-15 06:00:00,360.0,1,-79.48,0.919
11,PRD-000011,42,10,794.67,787.35,2025-01-03,2025-02-06,Completed,Medium,2025-01-03,2025-01-29 22:00:00,0.0,0,-7.32,0.9908
12,PRD-000012,117,31,944.26,940.5,2024-05-31,2024-07-10,Completed,Low,2024-05-31,2024-07-04 06:00:00,0.0,0,-3.76,0.996
13,PRD-000013,155,27,526.25,0.0,2023-06-17,2023-07-25,Cancelled,Low,2023-06-17,2023-07-23 22:00:00,0.0,0,-526.25,0.0
14,PRD-000014,79,24,977.53,0.0,2024-01-29,2024-02-28,Scheduled,Medium,2024-01-29,2024-02-22 06:00:00,0.0,0,-977.53,0.0
15,PRD-000015,229,20,759.74,0.0,2024-06-01,2024-07-01,Scheduled,High,2024-06-01,2024-06-23 06:00:00,0.0,0,-759.74,0.0
16,PRD-000016,12,27,170.05,0.0,2023-08-18,2023-10-07,Scheduled,Medium,2023-08-18,2023-10-02 22:00:00,0.0,0,-170.05,0.0
17,PRD-000017,122,39,482.13,468.55,2023-11-26,2023-12-27,Completed,Low,2023-11-26,2023-12-22 14:00:00,0.0,0,-13.58,0.9718
18,PRD-000018,115,10,254.87,245.71,2023-05-28,2023-07-10,Completed,High,2023-05-28,2023-06-24 22:00:00,0.0,0,-9.16,0.9641
19,PRD-000019,60,26,669.93,613.84,2023-12-13,2024-01-24,Completed,Medium,2023-12-13,2024-01-13 22:00:00,0.0,0,-56.09,0.9163
20,PRD-000020,166,6,569.43,556.43,2023-02-18,2023-04-04,Completed,High,2023-02-18,2023-03-30 14:00:00,0.0,0,-13.0,0.9772
21,PRD-000021,80,36,503.91,454.13,2025-01-23,2025-03-03,Completed,Medium,2025-01-23,2025-02-22 14:00:00,0.0,0,-49.78,0.9012
22,PRD-000022,148,4,18.95,17.73,2024-11-16,2024-11-24,Completed,Critical,2024-11-16,2024-11-23 14:00:00,0.0,0,-1.22,0.9356
23,PRD-000023,169,35,926.93,0.0,2024-07-09,2024-08-11,Scheduled,Low,2024-07-09,2024-08-09 22:00:00,0.0,0,-926.93,0.0
24,PRD-000024,228,38,236.39,227.75,2023-01-21,2023-02-06,Completed,Medium,2023-01-21,2023-02-04 22:00:00,0.0,0,-8.64,0.9635
25,PRD-000025,126,2,229.86,214.27,2025-05-09,2025-06-19,Completed,Medium,2025-05-09,2025-06-16 06:00:00,0.0,0,-15.59,0.9322
26,PRD-000026,66,6,849.56,456.48,2023-07-12,2023-07-16,InProgress,Low,2023-07-12,2023-07-15 22:00:00,0.0,0,-393.08,0.5373
27,PRD-000027,197,6,104.45,37.31,2023-04-16,2023-04-29,InProgress,Low,2023-04-16,2023-04-28 06:00:00,0.0,0,-67.14,0.3572
28,PRD-000028,183,4,38.88,15.11,2025-10-11,2025-11-08,InProgress,Medium,2025-10-11,2025-11-05 22:00:00,0.0,0,-23.77,0.3886
29,PRD-000029,97,8,665.81,113.92,2023-04-16,2023-04-28,InProgress,Low,2023-04-16,2023-04-27 06:00:00,0.0,0,-551.89,0.1711
30,PRD-000030,193,33,296.0,278.18,2023-09-13,2023-10-24,Completed,Medium,2023-09-13,2023-10-21 06:00:00,0.0,0,-17.82,0.9398
31,PRD-000031,17,31,920.34,919.72,2023-05-03,2023-05-09,Completed,Low,2023-05-03,2023-05-08 14:00:00,0.0,0,-0.62,0.9993
32,PRD-000032,173,7,54.46,0.0,2024-11-05,2024-11-09,Cancelled,Low,2024-11-05,2024-11-08 22:00:00,0.0,0,-54.46,0.0
33,PRD-000033,22,33,763.4,715.44,2024-08-13,2024-08-24,Completed,Low,2024-08-13,2024-08-23 22:00:00,0.0,0,-47.96,0.9372
34,PRD-000034,63,35,398.53,220.21,2025-10-27,2025-11-22,InProgress,Critical,2025-10-27,2025-11-21 06:00:00,0.0,0,-178.32,0.5526
35,PRD-000035,119,40,919.24,0.0,2025-10-20,2025-11-27,Scheduled,Medium,2025-10-20,2025-11-25 06:00:00,0.0,0,-919.24,0.0
36,PRD-000036,65,25,951.42,424.59,2025-11-01,2025-11-24,InProgress,Critical,2025-11-01,2025-11-24 06:00:00,360.0,1,-526.83,0.4463
37,PRD-000037,12,11,363.55,355.83,2025-06-16,2025-07-02,Completed,High,2025-06-16,2025-06-25 22:00:00,0.0,0,-7.72,0.9788
38,PRD-000038,186,36,258.49,247.22,2024-08-22,2024-09-21,Completed,Critical,2024-08-22,2024-09-20 22:00:00,0.0,0,-11.27,0.9564
39,PRD-000039,82,22,364.99,0.0,2025-07-24,2025-08-09,Cancelled,Medium,2025-07-24,2025-08-08 22:00:00,0.0,0,-364.99,0.0
40,PRD-000040,83,22,660.06,609.92,2025-11-09,2025-12-10,Completed,Low,2025-11-09,2025-12-04 22:00:00,0.0,0,-50.14,0.924
41,PRD-000041,1,39,199.68,198.05,2025-10-18,2025-11-20,Completed,Medium,2025-10-18,2025-11-17 06:00:00,0.0,0,-1.63,0.9918
42,PRD-000042,181,32,110.79,44.71,2025-08-18,2025-09-01,OnHold,High,2025-08-18,2025-08-31 22:00:00,0.0,0,-66.08,0.4036
43,PRD-000043,229,29,228.64,206.67,2024-07-27,2024-09-09,Completed,High,2024-07-27,2024-09-05 06:00:00,0.0,0,-21.97,0.9039
44,PRD-000044,46,1,45.66,41.89,2024-01-11,2024-02-07,Completed,Low,2024-01-11,2024-01-31 22:00:00,0.0,0,-3.77,0.9174
45,PRD-000045,6,18,868.1,233.94,2024-01-30,2024-02-14,InProgress,High,2024-01-30,2024-02-13 14:00:00,0.0,0,-634.16,0.2695
46,PRD-000046,57,15,950.95,911.16,2025-01-25,2025-02-23,Completed,Critical,2025-01-25,2025-02-19 14:00:00,0.0,0,-39.79,0.9582
47,PRD-000047,181,39,442.25,198.15,2025-10-27,2025-11-01,OnHold,Low,2025-10-27,2025-10-31 22:00:00,0.0,0,-244.1,0.448
48,PRD-000048,146,33,521.53,289.59,2023-07-28,2023-09-09,OnHold,Medium,2023-07-28,2023-09-07 22:00:00,0.0,0,-231.94,0.5553
49,PRD-000049,155,37,289.67,270.93,2024-08-10,2024-09-24,Completed,Low,2024-08-10,2024-09-23 06:00:00,0.0,0,-18.74,0.9353
50,PRD-000050,187,18,895.15,597.85,2024-09-18,2024-10-07,OnHold,Low,2024-09-18,2024-10-04 22:00:00,0.0,0,-297.3,0.6679
51,PRD-000051,227,30,893.63,841.75,2024-12-23,2025-01-29,Completed,Low,2024-12-23,2025-01-28 22:00:00,0.0,0,-51.88,0.9419
52,PRD-000052,105,18,782.56,741.58,2024-03-30,2024-05-28,Completed,Low,2024-03-30,2024-05-04 06:00:00,0.0,0,-40.98,0.9476
53,PRD-000053,227,15,502.56,462.59,2024-07-05,2024-08-08,Completed,Low,2024-07-05,2024-07-31 06:00:00,0.0,0,-39.97,0.9205
54,PRD-000054,50,22,595.22,0.0,2025-09-05,2025-10-12,Scheduled,Low,2025-09-05,2025-10-09 06:00:00,0.0,0,-595.22,0.0
55,PRD-000055,177,28,194.27,58.07,2024-08-31,2024-09-04,InProgress,Critical,2024-08-31,2024-09-03 22:00:00,0.0,0,-136.2,0.2989
56,PRD-000056,161,7,856.48,0.0,2025-09-03,2025-10-02,Scheduled,Low,2025-09-03,2025-09-30 14:00:00,0.0,0,-856.48,0.0
57,PRD-000057,86,17,215.01,195.04,2024-04-05,2024-04-09,Completed,Low,2024-04-05,2024-04-08 22:00:00,0.0,0,-19.97,0.9071
58,PRD-000058,134,16,78.32,77.86,2024-05-19,2024-06-12,Completed,Critical,2024-05-19,2024-06-11 14:00:00,0.0,0,-0.46,0.9941
59,PRD-000059,115,38,511.85,0.0,2025-04-06,2025-05-18,Scheduled,Low,2025-04-06,2025-05-12 14:00:00,0.0,0,-511.85,0.0
60,PRD-000060,178,5,415.32,243.6,2025-11-03,2025-11-08,OnHold,High,2025-11-03,2025-11-07 22:00:00,0.0,0,-171.72,0.5865
61,PRD-000061,174,4,837.47,0.0,2023-03-08,2023-04-26,Scheduled,Medium,2023-03-08,2023-04-23 14:00:00,0.0,0,-837.47,0.0
62,PRD-000062,106,15,338.87,328.49,2023-11-11,2023-12-08,Completed,High,2023-11-11,2023-12-05 14:00:00,0.0,0,-10.38,0.9694
63,PRD-000063,110,40,773.41,746.7,2025-04-18,2025-06-16,Completed,Medium,2025-04-18,2025-06-16 06:00:00,360.0,1,-26.71,0.9655
64,PRD-000064,50,7,160.08,100.13,2023-12-28,2024-01-01,InProgress,Low,2023-12-28,2023-12-30 22:00:00,0.0,0,-59.95,0.6255
65,PRD-000065,232,37,543.7,504.69,2024-09-25,2024-10-02,Completed,Low,2024-09-25,2024-10-01 22:00:00,0.0,0,-39.01,0.9283
66,PRD-000066,114,12,430.98,389.5,2024-06-25,2024-07-20,Completed,Low,2024-06-25,2024-07-17 22:00:00,0.0,0,-41.48,0.9038
67,PRD-000067,167,23,136.59,133.39,2025-04-28,2025-05-22,Completed,Medium,2025-04-28,2025-05-21 22:00:00,0.0,0,-3.2,0.9766
68,PRD-000068,75,24,10.01,9.43,2025-07-31,2025-08-26,Completed,Critical,2025-07-31,2025-08-23 22:00:00,0.0,0,-0.58,0.9421
69,PRD-000069,130,36,527.29,0.0,2024-07-05,2024-08-19,Scheduled,High,2024-07-05,2024-08-18 06:00:00,0.0,0,-527.29,0.0
70,PRD-000070,52,5,64.09,63.92,2024-03-25,2024-04-09,Completed,Medium,2024-03-25,2024-03-30 22:00:00,0.0,0,-0.17,0.9973
71,PRD-000071,149,37,233.86,66.07,2024-12-12,2025-01-13,InProgress,Critical,2024-12-12,2025-01-12 06:00:00,0.0,0,-167.79,0.2825
72,PRD-000072,225,3,310.9,0.0,2024-10-18,2024-11-16,Scheduled,Medium,2024-10-18,2024-11-13 22:00:00,0.0,0,-310.9,0.0
73,PRD-000073,160,14,238.11,24.02,2025-09-06,2025-10-19,InProgress,Low,2025-09-06,2025-10-19 06:00:00,360.0,1,-214.09,0.1009
74,PRD-000074,103,12,732.05,729.62,2025-02-21,2025-03-17,Completed,High,2025-02-21,2025-03-16 14:00:00,0.0,0,-2.43,0.9967
75,PRD-000075,37,19,232.05,224.23,2023-01-08,2023-01-16,Completed,Medium,2023-01-08,2023-01-15 06:00:00,0.0,0,-7.82,0.9663
76,PRD-000076,73,12,744.48,453.43,2024-11-03,2024-12-04,InProgress,Low,2024-11-03,2024-12-03 06:00:00,0.0,0,-291.05,0.6091
77,PRD-000077,46,13,428.4,398.54,2023-10-07,2023-10-21,Completed,Low,2023-10-07,2023-10-14 14:00:00,0.0,0,-29.86,0.9303
78,PRD-000078,202,8,332.04,322.5,2025-06-16,2025-07-04,Completed,Medium,2025-06-16,2025-07-03 22:00:00,0.0,0,-9.54,0.9713
79,PRD-000079,170,11,818.61,751.62,2023-08-12,2023-09-13,Completed,Critical,2023-08-12,2023-09-09 06:00:00,0.0,0,-66.99,0.9182
80,PRD-000080,17,8,377.23,241.87,2025-11-06,2025-12-18,OnHold,Low,2025-11-06,2025-12-18 06:00:00,360.0,1,-135.36,0.6412
81,PRD-000081,96,21,808.63,807.41,2025-09-11,2025-09-26,Completed,Medium,2025-09-11,2025-09-26 06:00:00,360.0,1,-1.22,0.9985
82,PRD-000082,151,13,756.71,710.79,2025-11-06,2025-11-24,Completed,High,2025-11-06,2025-11-23 14:00:00,0.0,0,-45.92,0.9393
83,PRD-000083,204,18,594.73,0.0,2023-11-10,2023-11-22,Scheduled,High,2023-11-10,2023-11-17 14:00:00,0.0,0,-594.73,0.0
84,PRD-000084,21,31,664.4,97.72,2025-06-25,2025-08-04,InProgress,High,2025-06-25,2025-07-25 14:00:00,0.0,0,-566.68,0.1471
85,PRD-000085,166,33,549.05,533.09,2024-10-16,2024-10-29,Completed,Medium,2024-10-16,2024-10-27 22:00:00,0.0,0,-15.96,0.9709
86,PRD-000086,178,31,175.65,171.8,2024-07-06,2024-07-20,Completed,High,2024-07-06,2024-07-19 22:00:00,0.0,0,-3.85,0.9781
87,PRD-000087,203,38,587.94,585.13,2024-06-10,2024-06-30,Completed,Medium,2024-06-10,2024-06-29 14:00:00,0.0,0,-2.81,0.9952
88,PRD-000088,56,20,52.0,13.48,2023-08-09,2023-08-24,InProgress,Medium,2023-08-09,2023-08-24 06:00:00,360.0,1,-38.52,0.2592
89,PRD-000089,141,6,605.54,562.94,2024-02-06,2024-02-19,Completed,Low,2024-02-06,2024-02-18 06:00:00,0.0,0,-42.6,0.9296
90,PRD-000090,11,30,717.28,398.38,2023-03-31,2023-05-01,InProgress,Medium,2023-03-31,2023-05-01 06:00:00,360.0,1,-318.9,0.5554
91,PRD-000091,206,32,111.49,106.07,2023-12-25,2024-01-25,Completed,Medium,2023-12-25,2024-01-22 06:00:00,0.0,0,-5.42,0.9514
92,PRD-000092,20,23,513.8,165.22,2024-02-12,2024-02-26,InProgress,Critical,2024-02-12,2024-02-24 22:00:00,0.0,0,-348.58,0.3216
93,PRD-000093,202,18,933.6,917.5,2023-11-10,2023-12-15,Completed,Critical,2023-11-10,2023-12-13 14:00:00,0.0,0,-16.1,0.9828
94,PRD-000094,86,13,700.24,680.24,2023-04-15,2023-04-22,Completed,High,2023-04-15,2023-04-22 06:00:00,360.0,1,-20.0,0.9714
95,PRD-000095,36,35,467.1,463.41,2023-09-24,2023-10-14,Completed,Critical,2023-09-24,2023-10-08 06:00:00,0.0,0,-3.69,0.9921
96,PRD-000096,104,26,697.65,374.91,2023-01-10,2023-02-01,InProgress,High,2023-01-10,2023-01-31 06:00:00,0.0,0,-322.74,0.5374
97,PRD-000097,195,10,863.07,800.42,2025-03-18,2025-03-21,Completed,High,2025-03-18,2025-03-21 06:00:00,360.0,1,-62.65,0.9274
98,PRD-000098,202,36,809.0,743.89,2023-08-31,2023-09-16,Completed,High,2023-08-31,2023-09-16 06:00:00,360.0,1,-65.11,0.9195
99,PRD-000099,217,13,351.89,0.0,2025-02-08,2025-03-12,Scheduled,Medium,2025-02-08,2025-03-10 14:00:00,0.0,0,-351.89,0.0
100,PRD-000100,143,2,342.25,341.52,2025-09-30,2025-10-29,Completed,Medium,2025-09-30,2025-10-23 06:00:00,0.0,0,-0.73,0.9979
101,PRD-000101,128,23,857.97,832.33,2024-09-07,2024-09-18,Completed,Medium,2024-09-07,2024-09-18 06:00:00,360.0,1,-25.64,0.9701
102,PRD-000102,77,21,729.79,697.83,2024-03-22,2024-04-19,Completed,Medium,2024-03-22,2024-04-18 06:00:00,0.0,0,-31.96,0.9562
103,PRD-000103,244,22,947.62,376.92,2024-08-27,2024-09-01,InProgress,Medium,2024-08-27,2024-09-01 06:00:00,360.0,1,-570.7,0.3978
104,PRD-000104,98,14,386.71,354.34,2025-05-01,2025-06-11,Completed,Critical,2025-05-01,2025-05-30 14:00:00,0.0,0,-32.37,0.9163
105,PRD-000105,146,29,788.34,0.0,2023-03-09,2023-04-05,Scheduled,Medium,2023-03-09,2023-04-01 06:00:00,0.0,0,-788.34,0.0
106,PRD-000106,177,39,737.1,0.0,2023-11-21,2023-12-14,Scheduled,Medium,2023-11-21,2023-12-14 06:00:00,360.0,1,-737.1,0.0
107,PRD-000107,53,15,390.51,352.44,2023-07-18,2023-07-25,Completed,Medium,2023-07-18,2023-07-25 06:00:00,360.0,1,-38.07,0.9025
108,PRD-000108,221,27,840.61,89.82,2024-07-12,2024-08-18,InProgress,Medium,2024-07-12,2024-08-13 14:00:00,0.0,0,-750.79,0.1069
109,PRD-000109,18,25,706.66,704.56,2025-11-19,2025-11-30,Completed,Critical,2025-11-19,2025-11-29 06:00:00,0.0,0,-2.1,0.997
110,PRD-000110,210,31,443.28,106.82,2025-07-10,2025-07-21,InProgress,Low,2025-07-10,2025-07-20 06:00:00,0.0,0,-336.46,0.241
111,PRD-000111,176,30,707.82,694.88,2024-09-04,2024-09-26,Completed,Medium,2024-09-04,2024-09-23 14:00:00,0.0,0,-12.94,0.9817
112,PRD-000112,155,16,550.97,549.15,2023-01-08,2023-01-20,Completed,Medium,2023-01-08,2023-01-20 06:00:00,360.0,1,-1.82,0.9967
113,PRD-000113,189,6,61.15,58.12,2025-08-27,2025-09-30,Completed,Medium,2025-08-27,2025-09-28 22:00:00,0.0,0,-3.03,0.9504
114,PRD-000114,203,20,721.27,711.36,2025-07-27,2025-08-28,Completed,Medium,2025-07-27,2025-08-23 06:00:00,0.0,0,-9.91,0.9863
115,PRD-000115,159,28,187.46,108.73,2025-05-26,2025-06-09,InProgress,Medium,2025-05-26,2025-06-07 22:00:00,0.0,0,-78.73,0.58
116,PRD-000116,179,3,557.18,0.0,2025-08-28,2025-09-11,Scheduled,Low,2025-08-28,2025-09-06 06:00:00,0.0,0,-557.18,0.0
117,PRD-000117,171,5,402.59,367.63,2025-07-16,2025-08-05,Completed,High,2025-07-16,2025-08-05 06:00:00,360.0,1,-34.96,0.9132
118,PRD-000118,196,36,866.64,793.61,2025-02-08,2025-02-24,Completed,Low,2025-02-08,2025-02-21 14:00:00,0.0,0,-73.03,0.9157
119,PRD-000119,105,29,316.69,294.21,2024-01-28,2024-02-06,Completed,Low,2024-01-28,2024-02-06 06:00:00,360.0,1,-22.48,0.929
120,PRD-000120,178,30,872.7,0.0,2023-08-09,2023-08-14,Scheduled,Medium,2023-08-09,2023-08-13 22:00:00,0.0,0,-872.7,0.0
121,PRD-000121,30,9,675.98,0.0,2025-03-05,2025-03-20,Scheduled,Medium,2025-03-05,2025-03-20 06:00:00,360.0,1,-675.98,0.0
122,PRD-000122,169,16,798.71,0.0,2025-03-08,2025-04-11,Scheduled,High,2025-03-08,2025-04-07 06:00:00,0.0,0,-798.71,0.0
123,PRD-000123,44,2,257.96,248.28,2024-04-11,2024-05-14,Completed,Medium,2024-04-11,2024-05-09 06:00:00,0.0,0,-9.68,0.9625
124,PRD-000124,20,1,576.03,566.4,2023-07-08,2023-07-18,Completed,High,2023-07-08,2023-07-18 06:00:00,360.0,1,-9.63,0.9833
125,PRD-000125,137,14,907.03,97.32,2023-06-13,2023-07-14,OnHold,Medium,2023-06-13,2023-07-12 22:00:00,0.0,0,-809.71,0.1073
126,PRD-000126,184,7,677.28,613.06,2023-02-20,2023-04-04,Completed,Medium,2023-02-20,2023-04-03 22:00:00,0.0,0,-64.22,0.9052
127,PRD-000127,97,13,553.37,0.0,2023-11-25,2023-12-01,Scheduled,Critical,2023-11-25,2023-12-01 06:00:00,360.0,1,-553.37,0.0
128,PRD-000128,8,1,294.76,0.0,2024-02-03,2024-02-21,Scheduled,Medium,2024-02-03,2024-02-20 06:00:00,0.0,0,-294.76,0.0
129,PRD-000129,213,11,313.71,293.41,2023-07-24,2023-09-15,Completed,High,2023-07-24,2023-09-07 22:00:00,0.0,0,-20.3,0.9353
130,PRD-000130,161,13,625.08,187.79,2023-02-16,2023-04-07,InProgress,Medium,2023-02-16,2023-04-05 06:00:00,0.0,0,-437.29,0.3004
131,PRD-000131,55,7,735.37,0.0,2025-09-22,2025-10-20,Scheduled,Medium,2025-09-22,2025-10-19 22:00:00,0.0,0,-735.37,0.0
132,PRD-000132,55,30,410.48,0.0,2023-07-04,2023-08-01,Scheduled,Low,2023-07-04,2023-07-28 06:00:00,0.0,0,-410.48,0.0
133,PRD-000133,18,14,77.67,75.99,2024-12-01,2024-12-21,Completed,Medium,2024-12-01,2024-12-21 06:00:00,360.0,1,-1.68,0.9784
134,PRD-000134,138,37,292.9,0.0,2025-03-28,2025-05-01,Scheduled,Low,2025-03-28,2025-04-30 06:00:00,0.0,0,-292.9,0.0
135,PRD-000135,100,9,438.44,424.65,2025-10-18,2025-11-28,Completed,Medium,2025-10-18,2025-11-22 14:00:00,0.0,0,-13.79,0.9685
136,PRD-000136,18,22,339.13,307.14,2024-11-07,2024-11-30,Completed,Low,2024-11-07,2024-11-23 06:00:00,0.0,0,-31.99,0.9057
137,PRD-000137,60,33,380.18,378.07,2025-08-29,2025-09-29,Completed,Medium,2025-08-29,2025-09-21 22:00:00,0.0,0,-2.11,0.9944
138,PRD-000138,189,28,645.32,324.52,2025-11-18,2025-12-13,InProgress,High,2025-11-18,2025-12-13 06:00:00,360.0,1,-320.8,0.5029
139,PRD-000139,39,25,635.96,139.53,2024-10-22,2024-11-17,InProgress,Low,2024-10-22,2024-11-12 14:00:00,0.0,0,-496.43,0.2194
140,PRD-000140,225,22,424.15,413.59,2023-02-10,2023-03-23,Completed,Low,2023-02-10,2023-03-19 14:00:00,0.0,0,-10.56,0.9751
141,PRD-000141,166,19,110.36,0.0,2023-12-05,2023-12-10,Cancelled,High,2023-12-05,2023-12-10 06:00:00,360.0,1,-110.36,0.0
142,PRD-000142,14,16,285.07,75.77,2023-09-01,2023-09-25,InProgress,High,2023-09-01,2023-09-24 06:00:00,0.0,0,-209.3,0.2658
143,PRD-000143,83,12,437.7,436.84,2025-01-11,2025-01-28,Completed,Medium,2025-01-11,2025-01-25 22:00:00,0.0,0,-0.86,0.998
144,PRD-000144,37,14,76.83,0.0,2023-01-07,2023-02-21,Scheduled,Low,2023-01-07,2023-02-19 14:00:00,0.0,0,-76.83,0.0
145,PRD-000145,61,33,523.51,108.69,2023-07-04,2023-08-11,OnHold,Low,2023-07-04,2023-08-09 22:00:00,0.0,0,-414.82,0.2076
146,PRD-000146,46,39,970.97,163.11,2025-02-11,2025-03-16,InProgress,Low,2025-02-11,2025-03-15 06:00:00,0.0,0,-807.86,0.168
147,PRD-000147,221,31,409.56,222.28,2023-10-31,2023-12-01,InProgress,Low,2023-10-31,2023-11-29 14:00:00,0.0,0,-187.28,0.5427
148,PRD-000148,109,33,707.51,666.67,2025-11-01,2025-11-29,Completed,Medium,2025-11-01,2025-11-28 14:00:00,0.0,0,-40.84,0.9423
149,PRD-000149,6,25,353.06,331.79,2024-04-06,2024-04-18,Completed,Medium,2024-04-06,2024-04-16 22:00:00,0.0,0,-21.27,0.9398
150,PRD-000150,187,12,271.63,60.63,2023-03-30,2023-04-21,InProgress,Medium,2023-03-30,2023-04-19 06:00:00,0.0,0,-211.0,0.2232
151,PRD-000151,124,5,488.21,452.5,2024-05-08,2024-06-09,Completed,Medium,2024-05-08,2024-06-05 14:00:00,0.0,0,-35.71,0.9269
152,PRD-000152,221,33,294.59,0.0,2025-01-31,2025-02-26,Scheduled,High,2025-01-31,2025-02-22 06:00:00,0.0,0,-294.59,0.0
153,PRD-000153,249,24,660.19,449.67,2024-02-03,2024-03-02,OnHold,Medium,2024-02-03,2024-03-01 14:00:00,0.0,0,-210.52,0.6811
154,PRD-000154,32,25,607.6,0.0,2023-11-24,2024-01-09,Cancelled,Critical,2023-11-24,2024-01-07 06:00:00,0.0,0,-607.6,0.0
155,PRD-000155,193,23,86.21,78.24,2023-06-22,2023-07-22,Completed,Medium,2023-06-22,2023-07-20 06:00:00,0.0,0,-7.97,0.9076
156,PRD-000156,238,28,951.91,885.02,2024-06-04,2024-06-30,Completed,High,2024-06-04,2024-06-26 22:00:00,0.0,0,-66.89,0.9297
157,PRD-000157,181,2,101.15,97.09,2023-09-16,2023-09-21,Completed,High,2023-09-16,2023-09-21 06:00:00,360.0,1,-4.06,0.9599
158,PRD-000158,38,17,627.41,306.87,2024-11-18,2024-12-07,OnHold,Low,2024-11-18,2024-12-03 06:00:00,0.0,0,-320.54,0.4891
159,PRD-000159,198,6,274.73,0.0,2024-09-07,2024-10-22,Scheduled,Medium,2024-09-07,2024-10-15 14:00:00,0.0,0,-274.73,0.0
160,PRD-000160,21,34,24.96,0.0,2025-09-03,2025-10-01,Cancelled,Critical,2025-09-03,2025-10-01 06:00:00,360.0,1,-24.96,0.0
161,PRD-000161,78,33,965.37,241.86,2025-07-21,2025-08-03,InProgress,Critical,2025-07-21,2025-07-31 06:00:00,0.0,0,-723.51,0.2505
162,PRD-000162,193,6,679.27,659.34,2024-12-02,2024-12-29,Completed,Low,2024-12-02,2024-12-21 22:00:00,0.0,0,-19.93,0.9707
163,PRD-000163,54,26,613.91,176.65,2024-09-01,2024-09-26,InProgress,High,2024-09-01,2024-09-26 06:00:00,360.0,1,-437.26,0.2877
164,PRD-000164,18,27,278.39,0.0,2023-01-07,2023-01-20,Scheduled,Medium,2023-01-07,2023-01-19 14:00:00,0.0,0,-278.39,0.0
165,PRD-000165,35,13,601.69,372.84,2024-11-28,2025-01-13,InProgress,Medium,2024-11-28,2025-01-12 06:00:00,0.0,0,-228.85,0.6197
166,PRD-000166,48,13,947.27,862.58,2024-06-19,2024-06-29,Completed,Low,2024-06-19,2024-06-29 06:00:00,360.0,1,-84.69,0.9106
167,PRD-000167,105,29,163.28,108.88,2023-07-14,2023-07-29,OnHold,Medium,2023-07-14,2023-07-28 22:00:00,0.0,0,-54.4,0.6668
168,PRD-000168,32,18,739.17,0.0,2024-10-27,2024-12-23,Scheduled,Low,2024-10-27,2024-12-21 22:00:00,0.0,0,-739.17,0.0
169,PRD-000169,26,1,884.16,813.66,2023-02-01,2023-02-19,Completed,Low,2023-02-01,2023-02-17 22:00:00,0.0,0,-70.5,0.9203
170,PRD-000170,11,7,591.71,574.03,2025-03-11,2025-03-14,Completed,Low,2025-03-11,2025-03-13 22:00:00,0.0,0,-17.68,0.9701
171,PRD-000171,195,18,683.31,0.0,2025-04-23,2025-05-20,Cancelled,Critical,2025-04-23,2025-05-17 22:00:00,0.0,0,-683.31,0.0
172,PRD-000172,175,22,414.07,45.23,2024-05-18,2024-06-11,InProgress,Critical,2024-05-18,2024-06-10 14:00:00,0.0,0,-368.84,0.1092
173,PRD-000173,15,23,587.1,543.25,2025-05-19,2025-06-14,Completed,High,2025-05-19,2025-06-14 06:00:00,360.0,1,-43.85,0.9253
174,PRD-000174,186,9,455.75,453.82,2025-05-08,2025-05-11,Completed,Low,2025-05-08,2025-05-11 06:00:00,360.0,1,-1.93,0.9958
175,PRD-000175,209,16,405.04,398.55,2023-05-11,2023-06-16,Completed,Medium,2023-05-11,2023-06-11 22:00:00,0.0,0,-6.49,0.984
176,PRD-000176,170,13,196.66,190.22,2024-10-20,2024-12-04,Completed,Low,2024-10-20,2024-12-04 06:00:00,360.0,1,-6.44,0.9673
177,PRD-000177,249,21,977.24,157.47,2024-11-10,2024-12-19,OnHold,High,2024-11-10,2024-12-18 06:00:00,0.0,0,-819.77,0.1611
178,PRD-000178,21,23,18.24,17.21,2023-09-06,2023-10-10,Completed,Medium,2023-09-06,2023-10-09 06:00:00,0.0,0,-1.03,0.9435
179,PRD-000179,232,7,101.7,55.84,2025-09-19,2025-10-22,OnHold,High,2025-09-19,2025-10-21 22:00:00,0.0,0,-45.86,0.5491
180,PRD-000180,225,37,915.4,329.92,2023-11-09,2023-11-24,OnHold,High,2023-11-09,2023-11-23 14:00:00,0.0,0,-585.48,0.3604
181,PRD-000181,173,36,266.12,95.97,2025-02-02,2025-02-14,InProgress,Critical,2025-02-02,2025-02-13 22:00:00,0.0,0,-170.15,0.3606
182,PRD-000182,139,16,726.21,654.25,2024-05-12,2024-06-12,Completed,Low,2024-05-12,2024-06-11 22:00:00,0.0,0,-71.96,0.9009
183,PRD-000183,184,2,593.56,0.0,2023-07-01,2023-08-15,Scheduled,Low,2023-07-01,2023-08-11 22:00:00,0.0,0,-593.56,0.0
184,PRD-000184,66,31,617.16,297.85,2025-09-16,2025-10-13,InProgress,Critical,2025-09-16,2025-10-11 06:00:00,0.0,0,-319.31,0.4826
185,PRD-000185,178,22,249.6,0.0,2024-12-15,2025-02-18,Scheduled,High,2024-12-15,2025-02-06 06:00:00,0.0,0,-249.6,0.0
186,PRD-000186,184,25,716.91,651.77,2025-09-19,2025-11-14,Completed,High,2025-09-19,2025-11-06 22:00:00,0.0,0,-65.14,0.9091
187,PRD-000187,30,19,207.28,129.86,2025-04-16,2025-05-16,InProgress,Low,2025-04-16,2025-05-12 06:00:00,0.0,0,-77.42,0.6265
188,PRD-000188,30,37,741.34,668.23,2023-04-05,2023-05-15,Completed,Medium,2023-04-05,2023-05-14 14:00:00,0.0,0,-73.11,0.9014
189,PRD-000189,16,38,255.89,0.0,2025-06-27,2025-07-24,Scheduled,Medium,2025-06-27,2025-07-21 06:00:00,0.0,0,-255.89,0.0
190,PRD-000190,174,9,222.26,206.05,2025-06-21,2025-07-21,Completed,Medium,2025-06-21,2025-07-06 14:00:00,0.0,0,-16.21,0.9271
191,PRD-000191,118,21,255.08,231.17,2024-10-02,2024-10-24,Completed,Low,2024-10-02,2024-10-16 14:00:00,0.0,0,-23.91,0.9063
192,PRD-000192,154,19,464.35,451.94,2025-10-01,2025-10-18,Completed,Low,2025-10-01,2025-10-18 06:00:00,360.0,1,-12.41,0.9733
193,PRD-000193,177,8,610.66,307.6,2024-12-09,2024-12-14,InProgress,Medium,2024-12-09,2024-12-12 22:00:00,0.0,0,-303.06,0.5037
194,PRD-000194,127,19,90.34,89.9,2025-06-21,2025-07-30,Completed,High,2025-06-21,2025-07-22 22:00:00,0.0,0,-0.44,0.9951
195,PRD-000195,240,15,840.11,823.74,2024-02-06,2024-03-12,Completed,High,2024-02-06,2024-03-10 06:00:00,0.0,0,-16.37,0.9805
196,PRD-000196,77,11,824.75,819.2,2023-02-25,2023-03-11,Completed,Critical,2023-02-25,2023-03-09 22:00:00,0.0,0,-5.55,0.9933
197,PRD-000197,90,26,548.81,504.92,2024-08-06,2024-08-30,Completed,Medium,2024-08-06,2024-08-19 22:00:00,0.0,0,-43.89,0.92
198,PRD-000198,180,36,620.62,338.69,2024-07-16,2024-08-06,OnHold,Medium,2024-07-16,2024-08-05 06:00:00,0.0,0,-281.93,0.5457
199,PRD-000199,240,20,740.54,0.0,2023-05-20,2023-06-29,Scheduled,Medium,2023-05-20,2023-06-22 22:00:00,0.0,0,-740.54,0.0
200,PRD-000200,230,10,526.23,477.21,2023-06-24,2023-07-05,Completed,Low,2023-06-24,2023-07-04 06:00:00,0.0,0,-49.02,0.9068
201,PRD-000201,186,37,377.4,0.0,2025-05-06,2025-05-21,Scheduled,Low,2025-05-06,2025-05-19 22:00:00,0.0,0,-377.4,0.0
202,PRD-000202,174,11,921.56,0.0,2025-04-16,2025-04-28,Cancelled,Critical,2025-04-16,2025-04-24 22:00:00,0.0,0,-921.56,0.0
203,PRD-000203,132,22,588.6,0.0,2023-04-13,2023-05-22,Scheduled,Medium,2023-04-13,2023-05-15 22:00:00,0.0,0,-588.6,0.0
204,PRD-000204,31,16,542.95,141.88,2025-10-29,2025-12-11,InProgress,Medium,2025-10-29,2025-12-07 06:00:00,0.0,0,-401.07,0.2613
205,PRD-000205,97,6,374.76,370.84,2023-11-19,2023-12-30,Completed,High,2023-11-19,2023-12-26 06:00:00,0.0,0,-3.92,0.9895
206,PRD-000206,114,24,669.8,655.56,2025-07-10,2025-08-23,Completed,Low,2025-07-10,2025-08-21 14:00:00,0.0,0,-14.24,0.9787
207,PRD-000207,131,15,459.8,442.8,2023-05-05,2023-05-15,Completed,Low,2023-05-05,2023-05-14 22:00:00,0.0,0,-17.0,0.963
208,PRD-000208,25,38,255.9,248.36,2024-09-02,2024-10-11,Completed,Low,2024-09-02,2024-10-02 14:00:00,0.0,0,-7.54,0.9705
209,PRD-000209,33,7,433.33,158.39,2024-05-30,2024-07-13,InProgress,Medium,2024-05-30,2024-07-06 22:00:00,0.0,0,-274.94,0.3655
210,PRD-000210,6,26,652.83,648.67,2025-01-30,2025-03-08,Completed,Medium,2025-01-30,2025-03-01 22:00:00,0.0,0,-4.16,0.9936
211,PRD-000211,150,35,73.37,72.08,2024-07-25,2024-08-30,Completed,High,2024-07-25,2024-08-29 06:00:00,0.0,0,-1.29,0.9824
212,PRD-000212,169,8,299.46,109.71,2025-04-21,2025-05-01,InProgress,Low,2025-04-21,2025-04-30 14:00:00,0.0,0,-189.75,0.3664
213,PRD-000213,32,3,31.69,29.48,2024-09-30,2024-11-02,Completed,Low,2024-09-30,2024-11-02 06:00:00,360.0,1,-2.21,0.9303
214,PRD-000214,9,6,507.6,67.87,2023-08-08,2023-09-03,OnHold,Critical,2023-08-08,2023-09-02 22:00:00,0.0,0,-439.73,0.1337
215,PRD-000215,242,1,496.18,325.63,2024-06-23,2024-07-19,InProgress,Low,2024-06-23,2024-07-19 06:00:00,360.0,1,-170.55,0.6563
216,PRD-000216,137,29,114.34,63.88,2023-02-19,2023-03-27,InProgress,Low,2023-02-19,2023-03-14 06:00:00,0.0,0,-50.46,0.5587
217,PRD-000217,91,39,415.57,0.0,2024-06-06,2024-06-29,Cancelled,Medium,2024-06-06,2024-06-21 22:00:00,0.0,0,-415.57,0.0
218,PRD-000218,10,13,658.62,0.0,2023-08-12,2023-08-21,Scheduled,Low,2023-08-12,2023-08-21 06:00:00,360.0,1,-658.62,0.0
219,PRD-000219,56,38,267.63,245.14,2025-06-30,2025-07-16,Completed,Medium,2025-06-30,2025-07-15 22:00:00,0.0,0,-22.49,0.916
220,PRD-000220,67,25,168.86,153.16,2023-05-17,2023-06-28,Completed,Medium,2023-05-17,2023-06-18 06:00:00,0.0,0,-15.7,0.907
221,PRD-000221,241,10,193.79,187.28,2023-06-23,2023-08-07,Completed,Medium,2023-06-23,2023-08-04 14:00:00,0.0,0,-6.51,0.9664
222,PRD-000222,50,24,882.87,866.46,2023-03-17,2023-04-06,Completed,Medium,2023-03-17,2023-04-05 22:00:00,0.0,0,-16.41,0.9814
223,PRD-000223,40,21,688.28,627.05,2024-11-20,2024-12-25,Completed,Critical,2024-11-20,2024-12-25 06:00:00,360.0,1,-61.23,0.911
224,PRD-000224,70,8,296.3,84.71,2024-04-06,2024-04-10,InProgress,Medium,2024-04-06,2024-04-09 22:00:00,0.0,0,-211.59,0.2859
225,PRD-000225,86,18,257.46,244.97,2024-12-29,2025-02-03,Completed,Low,2024-12-29,2025-02-01 14:00:00,0.0,0,-12.49,0.9515
226,PRD-000226,57,25,540.2,0.0,2025-04-29,2025-06-05,Cancelled,Critical,2025-04-29,2025-06-04 14:00:00,0.0,0,-540.2,0.0
227,PRD-000227,207,32,363.32,339.84,2025-04-13,2025-05-07,Completed,Low,2025-04-13,2025-05-03 06:00:00,0.0,0,-23.48,0.9354
228,PRD-000228,156,7,830.27,812.78,2024-01-07,2024-02-15,Completed,High,2024-01-07,2024-02-10 14:00:00,0.0,0,-17.49,0.9789
229,PRD-000229,174,35,314.72,312.01,2023-07-01,2023-07-28,Completed,Medium,2023-07-01,2023-07-26 22:00:00,0.0,0,-2.71,0.9914
230,PRD-000230,3,33,953.29,0.0,2025-07-28,2025-08-25,Scheduled,High,2025-07-28,2025-08-21 14:00:00,0.0,0,-953.29,0.0
231,PRD-000231,14,24,333.48,311.95,2024-12-01,2024-12-13,Completed,High,2024-12-01,2024-12-13 06:00:00,360.0,1,-21.53,0.9354
232,PRD-000232,113,23,510.58,507.57,2023-09-23,2023-11-03,Completed,High,2023-09-23,2023-11-02 14:00:00,0.0,0,-3.01,0.9941
233,PRD-000233,184,15,877.56,798.8,2024-06-18,2024-07-08,Completed,Medium,2024-06-18,2024-07-03 22:00:00,0.0,0,-78.76,0.9103
234,PRD-000234,24,6,398.8,172.29,2025-07-02,2025-07-24,InProgress,Low,2025-07-02,2025-07-23 06:00:00,0.0,0,-226.51,0.432
235,PRD-000235,74,36,508.1,0.0,2023-09-13,2023-09-27,Scheduled,Critical,2023-09-13,2023-09-24 06:00:00,0.0,0,-508.1,0.0
236,PRD-000236,131,9,201.92,199.07,2025-05-10,2025-05-13,Completed,Medium,2025-05-10,2025-05-12 22:00:00,0.0,0,-2.85,0.9859
237,PRD-000237,158,13,680.17,669.15,2024-07-02,2024-08-08,Completed,Critical,2024-07-02,2024-08-06 06:00:00,0.0,0,-11.02,0.9838
238,PRD-000238,63,34,860.18,838.53,2025-03-05,2025-04-04,Completed,High,2025-03-05,2025-04-04 06:00:00,360.0,1,-21.65,0.9748
239,PRD-000239,226,34,444.82,427.5,2023-02-15,2023-03-18,Completed,Critical,2023-02-15,2023-03-10 22:00:00,0.0,0,-17.32,0.9611
240,PRD-000240,244,4,168.76,163.25,2023-07-06,2023-08-01,Completed,Medium,2023-07-06,2023-08-01 06:00:00,360.0,1,-5.51,0.9674
241,PRD-000241,174,16,187.46,96.8,2024-02-08,2024-03-05,InProgress,High,2024-02-08,2024-02-25 06:00:00,0.0,0,-90.66,0.5164
242,PRD-000242,68,14,237.3,216.36,2025-06-25,2025-07-05,Completed,Low,2025-06-25,2025-07-04 06:00:00,0.0,0,-20.94,0.9118
243,PRD-000243,239,33,173.63,17.57,2024-11-03,2024-12-01,InProgress,High,2024-11-03,2024-11-30 14:00:00,0.0,0,-156.06,0.1012
244,PRD-000244,15,23,721.55,702.24,2023-02-07,2023-03-11,Completed,Low,2023-02-07,2023-03-08 14:00:00,0.0,0,-19.31,0.9732
245,PRD-000245,228,12,519.78,0.0,2024-05-05,2024-05-27,Scheduled,Medium,2024-05-05,2024-05-27 06:00:00,360.0,1,-519.78,0.0
246,PRD-000246,132,10,169.75,0.0,2023-01-10,2023-02-09,Scheduled,Medium,2023-01-10,2023-02-09 06:00:00,360.0,1,-169.75,0.0
247,PRD-000247,102,24,92.72,10.34,2025-08-30,2025-09-15,InProgress,Medium,2025-08-30,2025-09-13 22:00:00,0.0,0,-82.38,0.1115
248,PRD-000248,113,29,174.09,110.46,2024-04-01,2024-04-15,InProgress,Low,2024-04-01,2024-04-14 06:00:00,0.0,0,-63.63,0.6345
249,PRD-000249,73,3,249.12,0.0,2024-01-12,2024-02-22,Scheduled,Low,2024-01-12,2024-02-22 06:00:00,360.0,1,-249.12,0.0
250,PRD-000250,51,31,360.73,58.87,2024-03-24,2024-04-17,InProgress,Critical,2024-03-24,2024-04-16 14:00:00,0.0,0,-301.86,0.1632
251,PRD-000251,205,9,230.14,219.08,2025-11-12,2025-11-22,Completed,Medium,2025-11-12,2025-11-21 14:00:00,0.0,0,-11.06,0.9519
252,PRD-000252,216,25,611.68,151.21,2025-03-25,2025-04-22,OnHold,Low,2025-03-25,2025-04-03 06:00:00,0.0,0,-460.47,0.2472
253,PRD-000253,197,16,67.15,63.06,2025-10-16,2025-11-05,Completed,Low,2025-10-16,2025-10-31 14:00:00,0.0,0,-4.09,0.9391
254,PRD-000254,112,31,241.86,222.98,2025-06-02,2025-07-02,Completed,Medium,2025-06-02,2025-06-25 14:00:00,0.0,0,-18.88,0.9219
255,PRD-000255,131,12,960.26,451.11,2024-06-01,2024-07-01,InProgress,Low,2024-06-01,2024-06-21 14:00:00,0.0,0,-509.15,0.4698
256,PRD-000256,211,28,561.31,196.16,2025-03-27,2025-04-15,InProgress,Low,2025-03-27,2025-04-14 06:00:00,0.0,0,-365.15,0.3495
257,PRD-000257,47,13,434.65,414.7,2025-01-22,2025-01-31,Completed,Critical,2025-01-22,2025-01-31 06:00:00,360.0,1,-19.95,0.9541
258,PRD-000258,10,18,699.47,0.0,2024-09-21,2024-11-11,Scheduled,Critical,2024-09-21,2024-11-07 14:00:00,0.0,0,-699.47,0.0
259,PRD-000259,14,25,705.12,0.0,2025-09-16,2025-10-27,Scheduled,Medium,2025-09-16,2025-10-27 06:00:00,360.0,1,-705.12,0.0
260,PRD-000260,110,31,179.98,72.0,2023-11-23,2024-01-05,InProgress,Low,2023-11-23,2024-01-01 22:00:00,0.0,0,-107.98,0.4
261,PRD-000261,72,23,417.84,260.03,2024-03-30,2024-04-05,InProgress,High,2024-03-30,2024-04-05 06:00:00,360.0,1,-157.81,0.6223
262,PRD-000262,170,21,635.1,0.0,2023-09-21,2023-09-27,Scheduled,Low,2023-09-21,2023-09-27 06:00:00,360.0,1,-635.1,0.0
263,PRD-000263,126,24,537.18,90.91,2024-05-17,2024-07-07,InProgress,Medium,2024-05-17,2024-07-03 14:00:00,0.0,0,-446.27,0.1692
264,PRD-000264,190,24,609.58,103.83,2023-04-29,2023-06-22,InProgress,High,2023-04-29,2023-06-21 22:00:00,0.0,0,-505.75,0.1703
265,PRD-000265,54,38,343.83,314.36,2024-09-19,2024-10-30,Completed,Medium,2024-09-19,2024-10-16 22:00:00,0.0,0,-29.47,0.9143
266,PRD-000266,11,38,695.15,639.97,2025-08-02,2025-08-13,Completed,Critical,2025-08-02,2025-08-13 06:00:00,360.0,1,-55.18,0.9206
267,PRD-000267,26,5,397.94,393.79,2025-07-30,2025-08-14,Completed,Critical,2025-07-30,2025-08-13 06:00:00,0.0,0,-4.15,0.9896
268,PRD-000268,52,35,212.27,0.0,2024-10-21,2024-11-12,Cancelled,High,2024-10-21,2024-11-11 06:00:00,0.0,0,-212.27,0.0
269,PRD-000269,229,36,512.73,482.95,2023-02-16,2023-03-03,Completed,Critical,2023-02-16,2023-03-02 06:00:00,0.0,0,-29.78,0.9419
270,PRD-000270,112,5,27.94,0.0,2025-08-11,2025-09-11,Scheduled,Medium,2025-08-11,2025-09-10 22:00:00,0.0,0,-27.94,0.0
271,PRD-000271,71,9,794.83,112.41,2024-07-11,2024-08-15,InProgress,Medium,2024-07-11,2024-08-11 22:00:00,0.0,0,-682.42,0.1414
272,PRD-000272,190,26,479.51,458.44,2025-10-14,2025-10-20,Completed,Medium,2025-10-14,2025-10-19 22:00:00,0.0,0,-21.07,0.9561
273,PRD-000273,193,33,632.14,324.4,2024-07-21,2024-08-25,InProgress,Medium,2024-07-21,2024-08-24 14:00:00,0.0,0,-307.74,0.5132
274,PRD-000274,1,11,260.74,27.64,2025-04-10,2025-05-08,InProgress,Medium,2025-04-10,2025-05-04 06:00:00,0.0,0,-233.1,0.106
275,PRD-000275,117,33,726.21,692.49,2024-09-22,2024-09-25,Completed,High,2024-09-22,2024-09-25 06:00:00,360.0,1,-33.72,0.9536
276,PRD-000276,69,36,837.76,496.65,2024-07-13,2024-08-04,InProgress,Low,2024-07-13,2024-07-31 06:00:00,0.0,0,-341.11,0.5928
277,PRD-000277,38,18,844.89,0.0,2023-08-27,2023-10-03,Scheduled,Critical,2023-08-27,2023-10-03 06:00:00,360.0,1,-844.89,0.0
278,PRD-000278,211,14,490.24,147.16,2023-10-16,2023-10-22,InProgress,Medium,2023-10-16,2023-10-21 22:00:00,0.0,0,-343.08,0.3002
279,PRD-000279,84,6,793.64,0.0,2023-01-02,2023-01-27,Cancelled,Critical,2023-01-02,2023-01-23 06:00:00,0.0,0,-793.64,0.0
280,PRD-000280,157,19,456.78,419.48,2025-07-30,2025-08-18,Completed,Medium,2025-07-30,2025-08-18 06:00:00,360.0,1,-37.3,0.9183
281,PRD-000281,248,18,856.42,539.15,2023-03-02,2023-03-05,InProgress,Low,2023-03-02,2023-03-05 06:00:00,360.0,1,-317.27,0.6295
282,PRD-000282,241,38,471.65,68.59,2025-10-31,2025-12-07,OnHold,Low,2025-10-31,2025-12-06 14:00:00,0.0,0,-403.06,0.1454
283,PRD-000283,161,39,393.95,229.33,2025-03-05,2025-04-01,InProgress,Medium,2025-03-05,2025-03-26 22:00:00,0.0,0,-164.62,0.5821
284,PRD-000284,162,26,902.76,200.49,2025-05-19,2025-06-05,InProgress,Low,2025-05-19,2025-06-04 14:00:00,0.0,0,-702.27,0.2221
285,PRD-000285,24,32,76.3,47.8,2023-09-04,2023-10-04,OnHold,Low,2023-09-04,2023-10-02 22:00:00,0.0,0,-28.5,0.6265
286,PRD-000286,187,12,395.51,377.39,2023-07-17,2023-07-31,Completed,Medium,2023-07-17,2023-07-30 22:00:00,0.0,0,-18.12,0.9542
287,PRD-000287,176,39,968.39,878.0,2023-01-23,2023-02-05,Completed,Low,2023-01-23,2023-02-05 06:00:00,360.0,1,-90.39,0.9067
288,PRD-000288,249,26,651.83,94.17,2023-06-02,2023-07-02,OnHold,Low,2023-06-02,2023-07-01 22:00:00,0.0,0,-557.66,0.1445
289,PRD-000289,6,8,381.71,374.22,2024-07-15,2024-07-18,Completed,High,2024-07-15,2024-07-18 06:00:00,360.0,1,-7.49,0.9804
290,PRD-000290,198,6,439.14,0.0,2025-03-24,2025-05-07,Scheduled,Medium,2025-03-24,2025-04-28 14:00:00,0.0,0,-439.14,0.0
291,PRD-000291,28,35,997.21,0.0,2025-09-26,2025-11-11,Cancelled,High,2025-09-26,2025-10-31 14:00:00,0.0,0,-997.21,0.0
292,PRD-000292,145,29,563.47,525.22,2023-12-27,2024-01-04,Completed,High,2023-12-27,2024-01-03 22:00:00,0.0,0,-38.25,0.9321
293,PRD-000293,69,35,227.91,213.11,2023-11-24,2024-01-02,Completed,Low,2023-11-24,2024-01-01 06:00:00,0.0,0,-14.8,0.9351
294,PRD-000294,227,27,378.81,0.0,2025-05-28,2025-06-06,Scheduled,Low,2025-05-28,2025-06-04 06:00:00,0.0,0,-378.81,0.0
295,PRD-000295,91,19,78.03,73.11,2025-08-29,2025-09-02,Completed,Low,2025-08-29,2025-09-02 06:00:00,360.0,1,-4.92,0.9369
296,PRD-000296,231,8,469.6,456.58,2025-07-25,2025-08-21,Completed,Medium,2025-07-25,2025-08-17 22:00:00,0.0,0,-13.02,0.9723
297,PRD-000297,158,22,660.16,640.93,2025-11-21,2025-12-22,Completed,Low,2025-11-21,2025-12-15 06:00:00,0.0,0,-19.23,0.9709
298,PRD-000298,46,28,18.28,16.85,2025-09-10,2025-09-18,Completed,Medium,2025-09-10,2025-09-16 14:00:00,0.0,0,-1.43,0.9218
299,PRD-000299,74,23,665.07,630.75,2024-09-30,2024-11-13,Completed,High,2024-09-30,2024-10-25 22:00:00,0.0,0,-34.32,0.9484
300,PRD-000300,208,5,15.26,8.89,2023-10-16,2023-11-19,OnHold,High,2023-10-16,2023-10-29 22:00:00,0.0,0,-6.37,0.5826
301,PRD-000301,38,25,775.08,0.0,2025-07-06,2025-07-18,Scheduled,Medium,2025-07-06,2025-07-16 22:00:00,0.0,0,-775.08,0.0
302,PRD-000302,110,18,552.93,0.0,2025-04-28,2025-05-31,Scheduled,Low,2025-04-28,2025-05-31 06:00:00,360.0,1,-552.93,0.0
303,PRD-000303,82,32,75.8,74.03,2023-12-11,2023-12-22,Completed,Medium,2023-12-11,2023-12-21 22:00:00,0.0,0,-1.77,0.9766
304,PRD-000304,36,16,587.88,575.06,2025-01-08,2025-02-06,Completed,Medium,2025-01-08,2025-02-05 06:00:00,0.0,0,-12.82,0.9782
305,PRD-000305,211,15,754.23,739.37,2024-08-08,2024-09-14,Completed,Medium,2024-08-08,2024-09-10 22:00:00,0.0,0,-14.86,0.9803
306,PRD-000306,208,15,522.83,477.88,2024-09-10,2024-10-09,Completed,High,2024-09-10,2024-10-08 06:00:00,0.0,0,-44.95,0.914
307,PRD-000307,93,36,674.45,318.53,2023-09-08,2023-09-11,OnHold,Medium,2023-09-08,2023-09-11 06:00:00,360.0,1,-355.92,0.4723
308,PRD-000308,218,9,744.83,683.0,2023-05-23,2023-06-18,Completed,Medium,2023-05-23,2023-06-17 14:00:00,0.0,0,-61.83,0.917
309,PRD-000309,63,14,203.03,128.77,2023-06-03,2023-07-11,OnHold,High,2023-06-03,2023-07-10 14:00:00,0.0,0,-74.26,0.6342
310,PRD-000310,7,28,752.48,745.57,2023-03-01,2023-03-21,Completed,Medium,2023-03-01,2023-03-21 06:00:00,360.0,1,-6.91,0.9908
311,PRD-000311,153,11,761.13,730.47,2025-01-16,2025-03-02,Completed,Low,2025-01-16,2025-02-26 22:00:00,0.0,0,-30.66,0.9597
312,PRD-000312,213,27,657.59,0.0,2024-01-24,2024-02-01,Scheduled,Low,2024-01-24,2024-02-01 06:00:00,360.0,1,-657.59,0.0
313,PRD-000313,77,31,890.24,852.74,2023-07-14,2023-07-25,Completed,Medium,2023-07-14,2023-07-24 14:00:00,0.0,0,-37.5,0.9579
314,PRD-000314,40,4,636.07,123.33,2023-12-26,2024-02-08,InProgress,High,2023-12-26,2024-02-06 22:00:00,0.0,0,-512.74,0.1939
315,PRD-000315,214,28,479.18,0.0,2023-02-04,2023-02-18,Scheduled,High,2023-02-04,2023-02-15 14:00:00,0.0,0,-479.18,0.0
316,PRD-000316,147,33,719.23,188.85,2025-07-21,2025-08-28,InProgress,Medium,2025-07-21,2025-08-26 14:00:00,0.0,0,-530.38,0.2626
317,PRD-000317,97,9,210.23,0.0,2023-08-31,2023-09-13,Scheduled,High,2023-08-31,2023-09-12 06:00:00,0.0,0,-210.23,0.0
318,PRD-000318,191,36,320.69,78.54,2024-03-02,2024-03-08,InProgress,Medium,2024-03-02,2024-03-07 06:00:00,0.0,0,-242.15,0.2449
319,PRD-000319,104,25,222.76,209.95,2023-03-24,2023-04-25,Completed,Low,2023-03-24,2023-04-24 14:00:00,0.0,0,-12.81,0.9425
320,PRD-000320,27,5,908.76,367.35,2025-05-05,2025-06-18,InProgress,Medium,2025-05-05,2025-06-14 06:00:00,0.0,0,-541.41,0.4042
321,PRD-000321,28,5,196.04,28.66,2025-04-09,2025-05-17,InProgress,Low,2025-04-09,2025-05-09 22:00:00,0.0,0,-167.38,0.1462
322,PRD-000322,238,3,699.19,230.51,2023-01-12,2023-02-03,InProgress,Low,2023-01-12,2023-02-02 14:00:00,0.0,0,-468.68,0.3297
323,PRD-000323,203,31,823.61,795.57,2023-04-01,2023-05-10,Completed,Low,2023-04-01,2023-05-09 06:00:00,0.0,0,-28.04,0.966
324,PRD-000324,246,26,798.28,740.16,2023-12-02,2024-01-09,Completed,Medium,2023-12-02,2024-01-05 14:00:00,0.0,0,-58.12,0.9272
325,PRD-000325,180,7,695.44,0.0,2023-12-01,2023-12-29,Cancelled,Medium,2023-12-01,2023-12-25 14:00:00,0.0,0,-695.44,0.0
326,PRD-000326,204,25,271.42,0.0,2025-08-12,2025-09-25,Scheduled,Medium,2025-08-12,2025-09-21 14:00:00,0.0,0,-271.42,0.0
327,PRD-000327,119,6,939.68,452.76,2025-07-14,2025-07-19,InProgress,High,2025-07-14,2025-07-19 06:00:00,360.0,1,-486.92,0.4818
328,PRD-000328,168,10,331.27,307.07,2023-04-10,2023-04-27,Completed,High,2023-04-10,2023-04-26 06:00:00,0.0,0,-24.2,0.9269
329,PRD-000329,167,34,199.02,192.94,2023-06-21,2023-07-26,Completed,Critical,2023-06-21,2023-07-24 06:00:00,0.0,0,-6.08,0.9695
330,PRD-000330,220,28,226.53,217.36,2023-12-30,2024-01-10,Completed,Low,2023-12-30,2024-01-10 06:00:00,360.0,1,-9.17,0.9595
331,PRD-000331,156,5,271.99,0.0,2025-01-29,2025-02-25,Cancelled,Critical,2025-01-29,2025-02-24 14:00:00,0.0,0,-271.99,0.0
332,PRD-000332,223,20,665.35,0.0,2024-08-26,2024-10-04,Scheduled,Medium,2024-08-26,2024-10-02 14:00:00,0.0,0,-665.35,0.0
333,PRD-000333,44,19,816.79,798.66,2025-10-28,2025-11-05,Completed,Low,2025-10-28,2025-11-04 14:00:00,0.0,0,-18.13,0.9778
334,PRD-000334,182,30,763.24,0.0,2023-10-26,2023-11-21,Scheduled,Medium,2023-10-26,2023-11-20 06:00:00,0.0,0,-763.24,0.0
335,PRD-000335,237,9,195.85,178.0,2024-05-19,2024-06-07,Completed,Critical,2024-05-19,2024-06-07 06:00:00,360.0,1,-17.85,0.9089
336,PRD-000336,220,40,701.96,657.62,2025-10-31,2025-12-18,Completed,Critical,2025-10-31,2025-12-09 06:00:00,0.0,0,-44.34,0.9368
337,PRD-000337,81,24,438.02,395.58,2023-05-18,2023-06-13,Completed,Low,2023-05-18,2023-06-12 06:00:00,0.0,0,-42.44,0.9031
338,PRD-000338,175,3,266.98,32.09,2024-03-16,2024-04-16,OnHold,Medium,2024-03-16,2024-04-12 22:00:00,0.0,0,-234.89,0.1202
339,PRD-000339,40,7,880.39,813.78,2024-11-16,2024-12-04,Completed,Medium,2024-11-16,2024-12-03 14:00:00,0.0,0,-66.61,0.9243
340,PRD-000340,224,30,561.76,69.31,2023-06-18,2023-07-16,InProgress,High,2023-06-18,2023-07-09 22:00:00,0.0,0,-492.45,0.1234
341,PRD-000341,120,7,670.18,196.91,2024-01-07,2024-02-08,OnHold,Low,2024-01-07,2024-02-07 06:00:00,0.0,0,-473.27,0.2938
342,PRD-000342,85,5,898.94,568.91,2025-02-18,2025-03-18,InProgress,Medium,2025-02-18,2025-03-13 14:00:00,0.0,0,-330.03,0.6329
343,PRD-000343,30,18,332.04,328.75,2025-11-27,2025-12-31,Completed,Medium,2025-11-27,2025-12-24 14:00:00,0.0,0,-3.29,0.9901
344,PRD-000344,9,39,996.2,592.99,2024-08-03,2024-09-16,InProgress,High,2024-08-03,2024-09-13 22:00:00,0.0,0,-403.21,0.5953
345,PRD-000345,55,4,846.42,0.0,2023-03-08,2023-04-03,Cancelled,Low,2023-03-08,2023-04-01 14:00:00,0.0,0,-846.42,0.0
346,PRD-000346,22,10,256.52,245.66,2023-01-25,2023-02-24,Completed,Low,2023-01-25,2023-02-17 14:00:00,0.0,0,-10.86,0.9577
347,PRD-000347,108,34,76.58,69.65,2024-03-07,2024-03-29,Completed,Low,2024-03-07,2024-03-23 22:00:00,0.0,0,-6.93,0.9095
348,PRD-000348,231,28,998.9,0.0,2025-08-09,2025-08-23,Scheduled,Medium,2025-08-09,2025-08-21 06:00:00,0.0,0,-998.9,0.0
349,PRD-000349,124,31,333.37,182.99,2025-03-13,2025-03-26,OnHold,Medium,2025-03-13,2025-03-23 06:00:00,0.0,0,-150.38,0.5489
350,PRD-000350,100,1,808.6,797.12,2025-04-14,2025-05-14,Completed,Medium,2025-04-14,2025-05-11 06:00:00,0.0,0,-11.48,0.9858
351,PRD-000351,211,21,997.65,244.32,2025-08-09,2025-09-02,InProgress,Low,2025-08-09,2025-09-01 22:00:00,0.0,0,-753.33,0.2449
352,PRD-000352,203,27,49.95,17.32,2025-08-12,2025-08-24,InProgress,Medium,2025-08-12,2025-08-24 06:00:00,360.0,1,-32.63,0.3467
353,PRD-000353,163,29,138.78,15.75,2025-02-08,2025-03-11,OnHold,Medium,2025-02-08,2025-03-11 06:00:00,360.0,1,-123.03,0.1135
354,PRD-000354,108,35,366.82,0.0,2024-09-07,2024-09-12,Cancelled,High,2024-09-07,2024-09-11 14:00:00,0.0,0,-366.82,0.0
355,PRD-000355,249,37,785.9,0.0,2024-10-02,2024-10-18,Cancelled,Critical,2024-10-02,2024-10-16 06:00:00,0.0,0,-785.9,0.0
356,PRD-000356,223,8,570.52,531.31,2024-01-30,2024-03-10,Completed,High,2024-01-30,2024-03-04 06:00:00,0.0,0,-39.21,0.9313
357,PRD-000357,213,35,657.8,607.28,2024-11-22,2024-12-24,Completed,Medium,2024-11-22,2024-12-23 14:00:00,0.0,0,-50.52,0.9232
358,PRD-000358,96,12,24.24,23.67,2025-11-03,2025-12-07,Completed,Medium,2025-11-03,2025-12-05 22:00:00,0.0,0,-0.57,0.9765
359,PRD-000359,177,28,627.51,612.59,2023-06-23,2023-07-23,Completed,Medium,2023-06-23,2023-07-20 22:00:00,0.0,0,-14.92,0.9762
360,PRD-000360,27,6,48.55,47.76,2025-01-17,2025-01-26,Completed,Medium,2025-01-17,2025-01-26 06:00:00,360.0,1,-0.79,0.9837
361,PRD-000361,129,38,623.33,596.12,2024-10-18,2024-11-24,Completed,High,2024-10-18,2024-11-24 06:00:00,360.0,1,-27.21,0.9563
362,PRD-000362,142,25,628.37,619.85,2024-12-12,2025-01-10,Completed,Low,2024-12-12,2025-01-08 14:00:00,0.0,0,-8.52,0.9864
363,PRD-000363,119,27,591.07,566.3,2025-07-01,2025-07-11,Completed,Critical,2025-07-01,2025-07-08 06:00:00,0.0,0,-24.77,0.9581
364,PRD-000364,130,19,990.77,966.67,2024-11-17,2024-12-31,Completed,Medium,2024-11-17,2024-12-23 22:00:00,0.0,0,-24.1,0.9757
365,PRD-000365,107,16,447.87,434.77,2024-12-02,2024-12-24,Completed,Low,2024-12-02,2024-12-24 06:00:00,360.0,1,-13.1,0.9708
366,PRD-000366,216,34,395.34,364.85,2025-08-26,2025-09-09,Completed,High,2025-08-26,2025-09-04 06:00:00,0.0,0,-30.49,0.9229
367,PRD-000367,250,26,600.88,394.72,2024-09-30,2024-11-11,InProgress,Low,2024-09-30,2024-11-09 22:00:00,0.0,0,-206.16,0.6569
368,PRD-000368,33,25,929.85,868.66,2024-11-17,2024-11-23,Completed,Critical,2024-11-17,2024-11-22 14:00:00,0.0,0,-61.19,0.9342
369,PRD-000369,26,9,532.4,490.43,2023-07-05,2023-07-28,Completed,Medium,2023-07-05,2023-07-27 14:00:00,0.0,0,-41.97,0.9212
370,PRD-000370,67,36,995.67,993.79,2024-11-03,2024-12-01,Completed,Low,2024-11-03,2024-11-29 14:00:00,0.0,0,-1.88,0.9981
371,PRD-000371,198,38,653.01,0.0,2023-12-10,2024-01-05,Scheduled,Low,2023-12-10,2024-01-05 06:00:00,360.0,1,-653.01,0.0
372,PRD-000372,98,2,806.37,0.0,2024-10-20,2024-11-26,Scheduled,High,2024-10-20,2024-11-23 14:00:00,0.0,0,-806.37,0.0
373,PRD-000373,48,16,717.95,688.74,2023-05-20,2023-06-21,Completed,High,2023-05-20,2023-06-19 14:00:00,0.0,0,-29.21,0.9593
374,PRD-000374,200,25,62.81,23.42,2023-08-25,2023-09-09,InProgress,High,2023-08-25,2023-09-08 22:00:00,0.0,0,-39.39,0.3729
375,PRD-000375,164,38,678.04,656.18,2024-12-03,2025-01-01,Completed,High,2024-12-03,2024-12-31 22:00:00,0.0,0,-21.86,0.9678
376,PRD-000376,230,12,379.39,252.3,2023-04-29,2023-06-18,InProgress,Low,2023-04-29,2023-06-17 06:00:00,0.0,0,-127.09,0.665
377,PRD-000377,26,32,175.68,70.31,2024-06-10,2024-07-06,InProgress,High,2024-06-10,2024-07-03 06:00:00,0.0,0,-105.37,0.4002
378,PRD-000378,176,27,693.98,0.0,2024-03-16,2024-04-19,Scheduled,Medium,2024-03-16,2024-04-17 22:00:00,0.0,0,-693.98,0.0
379,PRD-000379,3,12,700.16,342.51,2023-11-30,2023-12-31,InProgress,High,2023-11-30,2023-12-25 22:00:00,0.0,0,-357.65,0.4892
380,PRD-000380,124,40,282.54,0.0,2024-11-03,2024-11-23,Cancelled,Medium,2024-11-03,2024-11-20 22:00:00,0.0,0,-282.54,0.0
381,PRD-000381,50,39,164.64,79.28,2023-01-06,2023-02-11,OnHold,Low,2023-01-06,2023-02-08 06:00:00,0.0,0,-85.36,0.4815
382,PRD-000382,94,8,603.31,125.26,2023-01-25,2023-03-01,InProgress,High,2023-01-25,2023-02-27 22:00:00,0.0,0,-478.05,0.2076
383,PRD-000383,241,9,708.09,669.51,2023-02-01,2023-02-12,Completed,Medium,2023-02-01,2023-02-10 22:00:00,0.0,0,-38.58,0.9455
384,PRD-000384,76,30,671.08,660.17,2024-05-27,2024-06-04,Completed,High,2024-05-27,2024-06-01 22:00:00,0.0,0,-10.91,0.9837
385,PRD-000385,65,12,178.03,19.85,2024-06-12,2024-07-17,OnHold,Low,2024-06-12,2024-07-12 22:00:00,0.0,0,-158.18,0.1115
386,PRD-000386,204,38,781.31,0.0,2025-06-20,2025-07-10,Scheduled,Medium,2025-06-20,2025-07-08 06:00:00,0.0,0,-781.31,0.0
387,PRD-000387,153,18,613.6,595.17,2025-04-25,2025-05-29,Completed,High,2025-04-25,2025-05-29 06:00:00,360.0,1,-18.43,0.97
388,PRD-000388,91,24,839.77,488.48,2024-10-25,2024-12-05,InProgress,High,2024-10-25,2024-11-30 06:00:00,0.0,0,-351.29,0.5817
389,PRD-000389,65,38,961.31,0.0,2025-05-22,2025-06-28,Cancelled,Medium,2025-05-22,2025-06-27 14:00:00,0.0,0,-961.31,0.0
390,PRD-000390,102,2,540.58,512.93,2024-10-05,2024-11-18,Completed,Low,2024-10-05,2024-11-17 06:00:00,0.0,0,-27.65,0.9489
391,PRD-000391,19,14,407.87,373.35,2025-05-11,2025-06-10,Completed,High,2025-05-11,2025-06-02 06:00:00,0.0,0,-34.52,0.9154
392,PRD-000392,184,22,576.88,535.17,2024-02-01,2024-03-10,Completed,Low,2024-02-01,2024-03-01 14:00:00,0.0,0,-41.71,0.9277
393,PRD-000393,99,19,922.09,883.66,2024-08-27,2024-09-19,Completed,Medium,2024-08-27,2024-09-19 06:00:00,360.0,1,-38.43,0.9583
394,PRD-000394,243,5,596.91,558.4,2024-07-15,2024-07-24,Completed,Medium,2024-07-15,2024-07-24 06:00:00,360.0,1,-38.51,0.9355
395,PRD-000395,51,4,61.47,7.32,2024-11-19,2024-12-19,InProgress,High,2024-11-19,2024-12-17 06:00:00,0.0,0,-54.15,0.1191
396,PRD-000396,44,39,429.1,0.0,2024-06-15,2024-07-05,Scheduled,Medium,2024-06-15,2024-07-01 14:00:00,0.0,0,-429.1,0.0
397,PRD-000397,220,37,93.72,90.04,2024-02-12,2024-03-27,Completed,Critical,2024-02-12,2024-03-24 22:00:00,0.0,0,-3.68,0.9607
398,PRD-000398,137,34,882.16,0.0,2025-08-28,2025-10-05,Scheduled,Low,2025-08-28,2025-10-05 06:00:00,360.0,1,-882.16,0.0
399,PRD-000399,107,20,884.09,853.95,2024-11-17,2024-11-24,Completed,Medium,2024-11-17,2024-11-24 06:00:00,360.0,1,-30.14,0.9659
400,PRD-000400,13,26,219.12,216.12,2025-03-13,2025-04-25,Completed,Medium,2025-03-13,2025-04-24 14:00:00,0.0,0,-3.0,0.9863
401,PRD-000401,32,24,887.23,0.0,2025-11-13,2025-12-17,Cancelled,Critical,2025-11-13,2025-12-14 14:00:00,0.0,0,-887.23,0.0
402,PRD-000402,83,28,204.69,0.0,2023-04-20,2023-05-12,Scheduled,Low,2023-04-20,2023-05-11 22:00:00,0.0,0,-204.69,0.0
403,PRD-000403,2,4,740.05,687.25,2023-04-04,2023-04-30,Completed,Medium,2023-04-04,2023-04-27 14:00:00,0.0,0,-52.8,0.9287
404,PRD-000404,85,40,804.61,0.0,2025-04-15,2025-05-09,Scheduled,High,2025-04-15,2025-04-30 22:00:00,0.0,0,-804.61,0.0
405,PRD-000405,31,9,997.27,900.54,2024-02-09,2024-02-22,Completed,Medium,2024-02-09,2024-02-16 06:00:00,0.0,0,-96.73,0.903
406,PRD-000406,106,29,898.39,0.0,2023-06-07,2023-07-17,Cancelled,High,2023-06-07,2023-07-08 22:00:00,0.0,0,-898.39,0.0
407,PRD-000407,250,18,626.4,624.73,2024-07-09,2024-07-27,Completed,Medium,2024-07-09,2024-07-26 14:00:00,0.0,0,-1.67,0.9973
408,PRD-000408,91,36,470.36,463.18,2025-02-17,2025-03-20,Completed,High,2025-02-17,2025-03-18 22:00:00,0.0,0,-7.18,0.9847
409,PRD-000409,20,5,71.77,21.61,2023-09-16,2023-10-30,InProgress,Critical,2023-09-16,2023-10-27 22:00:00,0.0,0,-50.16,0.3011
410,PRD-000410,99,13,76.35,76.16,2023-03-06,2023-03-09,Completed,Medium,2023-03-06,2023-03-09 06:00:00,360.0,1,-0.19,0.9975
411,PRD-000411,81,20,818.8,806.73,2023-12-29,2024-02-07,Completed,High,2023-12-29,2024-02-04 22:00:00,0.0,0,-12.07,0.9853
412,PRD-000412,94,25,938.59,141.79,2024-11-28,2025-01-11,InProgress,Critical,2024-11-28,2025-01-08 06:00:00,0.0,0,-796.8,0.1511
413,PRD-000413,18,18,391.74,355.35,2025-07-13,2025-08-17,Completed,Medium,2025-07-13,2025-08-12 22:00:00,0.0,0,-36.39,0.9071
414,PRD-000414,225,7,218.69,0.0,2024-12-31,2025-02-08,Scheduled,High,2024-12-31,2025-02-06 14:00:00,0.0,0,-218.69,0.0
415,PRD-000415,170,34,237.07,0.0,2023-09-14,2023-10-16,Scheduled,Medium,2023-09-14,2023-10-10 14:00:00,0.0,0,-237.07,0.0
416,PRD-000416,102,33,474.42,123.89,2023-10-10,2023-12-05,InProgress,Medium,2023-10-10,2023-11-28 22:00:00,0.0,0,-350.53,0.2611
417,PRD-000417,167,25,109.97,0.0,2023-12-22,2024-01-22,Scheduled,High,2023-12-22,2024-01-18 14:00:00,0.0,0,-109.97,0.0
418,PRD-000418,71,34,175.82,33.12,2024-03-26,2024-04-16,InProgress,Medium,2024-03-26,2024-04-14 22:00:00,0.0,0,-142.7,0.1884
419,PRD-000419,246,8,973.35,949.92,2024-07-06,2024-07-15,Completed,Low,2024-07-06,2024-07-14 22:00:00,0.0,0,-23.43,0.9759
420,PRD-000420,137,7,968.08,352.23,2023-02-26,2023-03-03,InProgress,Medium,2023-02-26,2023-03-02 22:00:00,0.0,0,-615.85,0.3638
421,PRD-000421,188,18,285.58,0.0,2025-07-28,2025-08-25,Scheduled,Medium,2025-07-28,2025-08-24 22:00:00,0.0,0,-285.58,0.0
422,PRD-000422,153,19,800.31,236.69,2023-07-02,2023-07-18,InProgress,High,2023-07-02,2023-07-16 06:00:00,0.0,0,-563.62,0.2957
423,PRD-000423,190,20,306.39,282.87,2023-04-11,2023-05-16,Completed,High,2023-04-11,2023-05-15 14:00:00,0.0,0,-23.52,0.9232
424,PRD-000424,48,22,138.38,0.0,2025-01-02,2025-01-15,Scheduled,High,2025-01-02,2025-01-15 06:00:00,360.0,1,-138.38,0.0
425,PRD-000425,6,12,263.9,246.89,2023-06-01,2023-06-04,Completed,Critical,2023-06-01,2023-06-03 14:00:00,0.0,0,-17.01,0.9355
426,PRD-000426,153,23,677.25,93.15,2025-07-27,2025-08-09,OnHold,Critical,2025-07-27,2025-08-09 06:00:00,360.0,1,-584.1,0.1375
427,PRD-000427,12,2,218.4,214.23,2024-09-13,2024-10-17,Completed,Medium,2024-09-13,2024-10-13 22:00:00,0.0,0,-4.17,0.9809
428,PRD-000428,38,7,155.45,47.5,2025-11-20,2025-12-07,InProgress,Low,2025-11-20,2025-12-07 06:00:00,360.0,1,-107.95,0.3056
429,PRD-000429,140,17,866.01,792.83,2025-05-06,2025-05-30,Completed,High,2025-05-06,2025-05-28 06:00:00,0.0,0,-73.18,0.9155
430,PRD-000430,86,34,91.91,35.91,2023-09-28,2023-11-15,InProgress,High,2023-09-28,2023-11-08 22:00:00,0.0,0,-56.0,0.3907
431,PRD-000431,133,2,309.4,135.53,2025-07-01,2025-08-11,InProgress,Low,2025-07-01,2025-08-06 06:00:00,0.0,0,-173.87,0.438
432,PRD-000432,128,2,805.77,0.0,2024-03-12,2024-03-29,Scheduled,Low,2024-03-12,2024-03-25 14:00:00,0.0,0,-805.77,0.0
433,PRD-000433,50,25,145.78,139.67,2025-02-28,2025-03-30,Completed,Medium,2025-02-28,2025-03-30 06:00:00,360.0,1,-6.11,0.9581
434,PRD-000434,116,34,510.45,95.17,2025-10-25,2025-12-07,OnHold,Low,2025-10-25,2025-11-30 22:00:00,0.0,0,-415.28,0.1864
435,PRD-000435,107,18,627.76,582.16,2025-08-27,2025-09-21,Completed,Medium,2025-08-27,2025-09-20 22:00:00,0.0,0,-45.6,0.9274
436,PRD-000436,32,28,492.96,447.72,2023-02-13,2023-03-21,Completed,High,2023-02-13,2023-03-20 14:00:00,0.0,0,-45.24,0.9082
437,PRD-000437,128,10,464.99,0.0,2024-08-26,2024-09-20,Cancelled,Medium,2024-08-26,2024-09-19 22:00:00,0.0,0,-464.99,0.0
438,PRD-000438,78,32,313.4,307.83,2023-06-09,2023-06-30,Completed,Medium,2023-06-09,2023-06-28 22:00:00,0.0,0,-5.57,0.9822
439,PRD-000439,212,38,66.41,23.32,2025-05-01,2025-05-04,InProgress,Low,2025-05-01,2025-05-04 06:00:00,360.0,1,-43.09,0.3512
440,PRD-000440,1,4,463.85,451.09,2024-06-04,2024-06-07,Completed,Medium,2024-06-04,2024-06-07 06:00:00,360.0,1,-12.76,0.9725
441,PRD-000441,246,36,578.54,559.29,2024-01-08,2024-01-29,Completed,Low,2024-01-08,2024-01-27 22:00:00,0.0,0,-19.25,0.9667
442,PRD-000442,236,6,779.28,768.54,2023-04-02,2023-05-03,Completed,Medium,2023-04-02,2023-04-25 06:00:00,0.0,0,-10.74,0.9862
443,PRD-000443,99,28,320.74,305.92,2023-02-04,2023-03-01,Completed,Medium,2023-02-04,2023-02-28 22:00:00,0.0,0,-14.82,0.9538
444,PRD-000444,45,37,841.71,840.82,2025-08-20,2025-09-08,Completed,Medium,2025-08-20,2025-09-06 14:00:00,0.0,0,-0.89,0.9989
445,PRD-000445,107,36,890.62,287.56,2025-07-21,2025-09-10,InProgress,Low,2025-07-21,2025-09-05 14:00:00,0.0,0,-603.06,0.3229
446,PRD-000446,140,12,203.21,192.83,2023-11-21,2023-12-13,Completed,Medium,2023-11-21,2023-12-13 06:00:00,360.0,1,-10.38,0.9489
447,PRD-000447,129,23,744.23,706.47,2025-07-21,2025-09-08,Completed,Medium,2025-07-21,2025-09-06 14:00:00,0.0,0,-37.76,0.9493
448,PRD-000448,234,36,488.35,480.45,2024-03-31,2024-04-29,Completed,Low,2024-03-31,2024-04-25 22:00:00,0.0,0,-7.9,0.9838
449,PRD-000449,78,16,367.79,362.63,2025-03-27,2025-04-04,Completed,Medium,2025-03-27,2025-04-03 06:00:00,0.0,0,-5.16,0.986
450,PRD-000450,76,4,412.74,385.01,2024-02-02,2024-03-15,Completed,High,2024-02-02,2024-03-12 22:00:00,0.0,0,-27.73,0.9328
451,PRD-000451,196,34,459.45,448.54,2024-02-23,2024-03-22,Completed,Medium,2024-02-23,2024-03-17 22:00:00,0.0,0,-10.91,0.9763
452,PRD-000452,28,22,134.74,0.0,2023-02-27,2023-03-05,Cancelled,Medium,2023-02-27,2023-03-04 22:00:00,0.0,0,-134.74,0.0
453,PRD-000453,16,8,204.46,137.17,2025-05-25,2025-07-03,InProgress,High,2025-05-25,2025-07-02 22:00:00,0.0,0,-67.29,0.6709
454,PRD-000454,144,32,183.74,175.8,2024-12-19,2024-12-25,Completed,Low,2024-12-19,2024-12-24 22:00:00,0.0,0,-7.94,0.9568
455,PRD-000455,80,1,583.52,229.78,2025-08-11,2025-09-23,InProgress,High,2025-08-11,2025-09-20 14:00:00,0.0,0,-353.74,0.3938
456,PRD-000456,226,8,648.3,154.23,2024-10-26,2024-11-15,InProgress,Medium,2024-10-26,2024-11-08 06:00:00,0.0,0,-494.07,0.2379
457,PRD-000457,114,26,557.14,522.16,2023-09-21,2023-09-30,Completed,Low,2023-09-21,2023-09-28 22:00:00,0.0,0,-34.98,0.9372
458,PRD-000458,61,35,665.05,122.86,2023-05-10,2023-06-07,InProgress,Medium,2023-05-10,2023-06-06 06:00:00,0.0,0,-542.19,0.1847
459,PRD-000459,111,10,575.17,528.31,2024-10-14,2024-11-14,Completed,Medium,2024-10-14,2024-11-12 06:00:00,0.0,0,-46.86,0.9185
460,PRD-000460,180,35,285.86,263.53,2023-07-16,2023-08-30,Completed,Low,2023-07-16,2023-08-27 06:00:00,0.0,0,-22.33,0.9219
461,PRD-000461,127,24,191.01,0.0,2024-05-26,2024-06-16,Cancelled,High,2024-05-26,2024-06-14 22:00:00,0.0,0,-191.01,0.0
462,PRD-000462,38,2,827.45,768.35,2024-02-21,2024-03-01,Completed,Medium,2024-02-21,2024-02-28 14:00:00,0.0,0,-59.1,0.9286
463,PRD-000463,167,40,927.85,0.0,2023-05-08,2023-06-18,Scheduled,Medium,2023-05-08,2023-05-28 06:00:00,0.0,0,-927.85,0.0
464,PRD-000464,186,30,970.23,928.63,2025-08-25,2025-09-19,Completed,Medium,2025-08-25,2025-09-19 06:00:00,360.0,1,-41.6,0.9571
465,PRD-000465,54,23,151.57,49.22,2025-11-11,2025-12-06,OnHold,Critical,2025-11-11,2025-12-05 14:00:00,0.0,0,-102.35,0.3247
466,PRD-000466,185,37,799.75,749.16,2024-07-13,2024-08-26,Completed,Medium,2024-07-13,2024-08-22 14:00:00,0.0,0,-50.59,0.9367
467,PRD-000467,78,26,96.15,91.89,2025-01-31,2025-02-11,Completed,Low,2025-01-31,2025-02-11 06:00:00,360.0,1,-4.26,0.9557
468,PRD-000468,169,12,846.67,829.39,2025-06-12,2025-07-15,Completed,Medium,2025-06-12,2025-07-12 22:00:00,0.0,0,-17.28,0.9796
469,PRD-000469,83,38,183.37,0.0,2025-09-14,2025-10-29,Scheduled,Critical,2025-09-14,2025-10-22 06:00:00,0.0,0,-183.37,0.0
470,PRD-000470,8,11,676.04,0.0,2024-01-06,2024-02-17,Scheduled,Low,2024-01-06,2024-02-17 06:00:00,360.0,1,-676.04,0.0
471,PRD-000471,195,15,228.3,210.45,2024-12-09,2025-01-12,Completed,Critical,2024-12-09,2025-01-09 22:00:00,0.0,0,-17.85,0.9218
472,PRD-000472,99,27,875.33,809.65,2025-05-11,2025-06-08,Completed,Critical,2025-05-11,2025-06-04 22:00:00,0.0,0,-65.68,0.925
473,PRD-000473,96,39,270.61,243.57,2023-03-07,2023-04-02,Completed,Medium,2023-03-07,2023-03-30 22:00:00,0.0,0,-27.04,0.9001
474,PRD-000474,97,9,871.96,853.88,2023-02-01,2023-02-15,Completed,Critical,2023-02-01,2023-02-11 14:00:00,0.0,0,-18.08,0.9793
475,PRD-000475,174,19,631.06,615.3,2024-09-03,2024-09-18,Completed,Low,2024-09-03,2024-09-17 06:00:00,0.0,0,-15.76,0.975
476,PRD-000476,50,6,160.53,151.83,2025-03-01,2025-03-31,Completed,Medium,2025-03-01,2025-03-31 06:00:00,360.0,1,-8.7,0.9458
477,PRD-000477,229,1,357.71,325.29,2024-11-01,2024-12-22,Completed,Medium,2024-11-01,2024-12-02 14:00:00,0.0,0,-32.42,0.9094
478,PRD-000478,175,34,491.27,320.53,2024-03-10,2024-04-16,InProgress,Medium,2024-03-10,2024-04-14 06:00:00,0.0,0,-170.74,0.6525
479,PRD-000479,92,40,49.66,46.14,2025-06-05,2025-07-14,Completed,High,2025-06-05,2025-07-12 22:00:00,0.0,0,-3.52,0.9291
480,PRD-000480,224,5,215.47,199.05,2025-06-27,2025-07-04,Completed,Medium,2025-06-27,2025-07-03 22:00:00,0.0,0,-16.42,0.9238
481,PRD-000481,60,4,909.35,0.0,2023-05-16,2023-06-21,Scheduled,Medium,2023-05-16,2023-06-15 06:00:00,0.0,0,-909.35,0.0
482,PRD-000482,213,17,473.39,179.78,2023-12-19,2024-01-05,InProgress,Medium,2023-12-19,2024-01-02 22:00:00,0.0,0,-293.61,0.3798
483,PRD-000483,148,16,762.97,0.0,2024-01-17,2024-01-30,Scheduled,High,2024-01-17,2024-01-29 22:00:00,0.0,0,-762.97,0.0
484,PRD-000484,140,8,162.95,154.59,2025-09-19,2025-10-24,Completed,Medium,2025-09-19,2025-10-13 14:00:00,0.0,0,-8.36,0.9487
485,PRD-000485,108,17,435.69,0.0,2025-09-24,2025-10-13,Scheduled,Low,2025-09-24,2025-10-12 22:00:00,0.0,0,-435.69,0.0
486,PRD-000486,170,4,600.94,420.5,2025-08-03,2025-08-24,OnHold,Low,2025-08-03,2025-08-23 14:00:00,0.0,0,-180.44,0.6997
487,PRD-000487,196,3,771.75,725.28,2023-03-19,2023-04-27,Completed,Medium,2023-03-19,2023-04-25 22:00:00,0.0,0,-46.47,0.9398
488,PRD-000488,21,36,829.28,760.51,2023-03-17,2023-04-15,Completed,Medium,2023-03-17,2023-04-14 14:00:00,0.0,0,-68.77,0.9171
489,PRD-000489,167,23,40.16,36.97,2023-05-18,2023-06-12,Completed,Medium,2023-05-18,2023-06-11 06:00:00,0.0,0,-3.19,0.9206
490,PRD-000490,201,13,347.01,0.0,2023-11-20,2023-12-13,Scheduled,Medium,2023-11-20,2023-12-12 06:00:00,0.0,0,-347.01,0.0
491,PRD-000491,197,25,515.47,0.0,2025-07-05,2025-07-09,Scheduled,High,2025-07-05,2025-07-08 14:00:00,0.0,0,-515.47,0.0
492,PRD-000492,31,40,618.98,0.0,2024-04-02,2024-05-02,Scheduled,Critical,2024-04-02,2024-04-28 06:00:00,0.0,0,-618.98,0.0
493,PRD-000493,61,15,911.5,369.99,2024-01-27,2024-02-11,OnHold,Low,2024-01-27,2024-02-11 06:00:00,360.0,1,-541.51,0.4059
494,PRD-000494,204,35,506.26,65.89,2023-01-11,2023-02-09,OnHold,Medium,2023-01-11,2023-02-02 22:00:00,0.0,0,-440.37,0.1302
495,PRD-000495,15,5,44.56,19.19,2025-11-21,2025-11-24,InProgress,Low,2025-11-21,2025-11-23 14:00:00,0.0,0,-25.37,0.4307
496,PRD-000496,228,16,443.8,436.66,2024-04-12,2024-05-19,Completed,Critical,2024-04-12,2024-05-14 14:00:00,0.0,0,-7.14,0.9839
497,PRD-000497,20,5,169.07,0.0,2023-05-19,2023-06-16,Scheduled,Medium,2023-05-19,2023-06-16 06:00:00,360.0,1,-169.07,0.0
498,PRD-000498,230,15,34.72,32.81,2024-08-01,2024-09-04,Completed,Medium,2024-08-01,2024-08-30 06:00:00,0.0,0,-1.91,0.945
499,PRD-000499,168,16,245.1,31.81,2023-11-19,2023-12-15,InProgress,Medium,2023-11-19,2023-12-05 14:00:00,0.0,0,-213.29,0.1298
500,PRD-000500,231,27,727.35,0.0,2023-10-12,2023-11-18,Scheduled,High,2023-10-12,2023-11-13 14:00:00,0.0,0,-727.35,0.0
