PurchaseOrderLineID,PurchaseOrderID,ItemID,QuantityOrdered,QuantityReceived,UnitPrice,LineTotal,ReceivedRate,FullyReceived
1,1,156,299.27,106.68,184.35,55170.42,0.3565,0
2,2,97,250.9,250.9,27.56,6914.8,1.0,1
3,3,238,493.95,493.95,183.07,90427.43,1.0,1
4,4,93,72.54,0.0,213.54,15490.19,0.0,0
5,5,115,349.1,349.1,51805.65,18085352.42,1.0,1
6,6,1,205.14,0.0,3178.62,652062.11,0.0,0
7,7,73,216.96,216.96,17.56,3809.82,1.0,1
8,8,133,360.21,360.21,24494.77,8823261.1,1.0,1
9,9,228,347.76,347.76,81.16,28224.2,1.0,1
10,10,77,495.67,495.67,77.74,38533.39,1.0,1
11,11,55,68.56,0.0,252.66,17322.37,0.0,0
12,12,6,56.53,56.53,22.16,1252.7,1.0,1
13,13,242,363.55,235.7,178986.53,65070552.98,0.6483,0
14,14,142,291.3,0.0,117.47,34219.01,0.0,0
15,15,147,140.71,140.71,45.43,6392.46,1.0,1
16,16,40,44.31,11.58,2412.69,106906.29,0.2613,0
17,17,40,47.4,47.4,2221.38,105293.41,1.0,1
18,18,94,447.62,447.62,3318.09,1485243.45,1.0,1
19,19,64,99.97,35.13,42.72,4270.72,0.3514,0
20,20,24,165.07,94.22,84419.96,13935202.8,0.5708,0
21,21,56,117.19,117.19,37.07,4344.23,1.0,1
22,22,186,180.72,74.28,259.29,46858.89,0.411,0
23,23,125,39.36,0.0,51.27,2017.99,0.0,0
24,24,177,261.93,261.93,61.79,16184.65,1.0,1
25,25,210,38.47,0.0,312.03,12003.79,0.0,0
26,26,153,401.18,0.0,1618.57,649337.91,0.0,0
27,27,10,120.69,120.69,8432.45,1017712.39,1.0,1
28,28,148,272.31,0.0,149579.79,40732072.61,0.0,0
29,29,200,440.64,0.0,3876.8,1708273.15,0.0,0
30,30,198,327.18,0.0,42.19,13803.72,0.0,0
31,31,226,268.81,268.81,300.08,80664.5,1.0,1
32,32,107,165.55,165.55,84.52,13992.29,1.0,1
33,33,31,169.84,169.84,245.79,41744.97,1.0,1
34,34,59,336.4,0.0,42764.39,14385940.8,0.0,0
35,35,218,497.1,497.1,1556.48,773726.21,1.0,1
36,36,3,332.61,332.61,140.85,46848.12,1.0,1
37,37,162,281.1,0.0,79.93,22468.32,0.0,0
38,38,79,366.67,366.67,228522.11,83792202.07,1.0,1
39,39,82,235.28,0.0,65.16,15330.84,0.0,0
40,40,39,34.77,34.77,44.38,1543.09,1.0,1
41,41,179,283.34,283.34,322.14,91275.15,1.0,1
42,42,13,479.02,0.0,115.59,55369.92,0.0,0
43,43,101,91.77,0.0,311.32,28569.84,0.0,0
44,44,193,346.55,0.0,164.53,57017.87,0.0,0
45,45,130,104.46,27.01,46.79,4887.68,0.2586,0
46,46,202,270.23,270.23,1493.25,403520.95,1.0,1
47,47,34,52.85,52.85,1185.63,62660.55,1.0,1
48,48,122,227.93,130.25,6196.29,1412320.38,0.5714,0
49,49,103,379.3,140.59,4857.5,1842449.75,0.3707,0
50,50,112,177.05,177.05,179734.53,31821998.54,1.0,1
51,51,34,334.13,0.0,1313.91,439016.75,0.0,0
52,52,124,398.75,398.75,149319.76,59541254.3,1.0,1
53,53,125,463.95,0.0,46.29,21476.25,0.0,0
54,54,147,121.15,39.67,42.32,5127.07,0.3274,0
55,55,189,202.66,202.66,194.64,39445.74,1.0,1
56,56,63,80.45,19.84,14.92,1200.31,0.2466,0
57,57,83,496.28,496.28,29.25,14516.19,1.0,1
58,58,148,463.87,463.87,138611.68,64297800.0,1.0,1
59,59,172,272.28,272.28,2190.71,596486.52,1.0,1
60,60,94,421.81,0.0,2918.03,1230854.23,0.0,0
61,61,83,262.87,262.87,26.93,7079.09,1.0,1
62,62,168,313.67,0.0,224672.54,70473035.62,0.0,0
63,63,79,49.12,49.12,208845.32,10258482.12,1.0,1
64,64,90,378.86,227.52,25.84,9789.74,0.6005,0
65,65,114,68.22,0.0,29258.69,1996027.83,0.0,0
66,66,113,413.9,0.0,4101.36,1697552.9,0.0,0
67,67,210,392.1,392.1,265.36,104047.66,1.0,1
68,68,176,355.83,157.63,108.69,38675.16,0.443,0
69,69,219,22.9,0.0,4052.83,92809.81,0.0,0
70,70,190,155.05,155.05,15.35,2380.02,1.0,1
71,71,243,135.24,0.0,52.11,7047.36,0.0,0
72,72,38,183.27,0.0,3264.61,598305.07,0.0,0
73,73,210,48.38,0.0,269.12,13020.03,0.0,0
74,74,88,468.79,468.79,3469.41,1626424.71,1.0,1
75,75,29,279.13,279.13,2808.68,783986.85,1.0,1
76,76,121,156.23,0.0,212749.88,33237913.75,0.0,0
77,77,54,201.51,201.51,101568.68,20467104.71,1.0,1
78,78,55,226.37,226.37,215.69,48825.75,1.0,1
79,79,134,302.29,207.89,20.23,6115.33,0.6877,0
80,80,160,260.26,260.26,318.29,82838.16,1.0,1
81,81,37,460.1,0.0,18.96,8723.5,0.0,0
82,82,172,251.0,0.0,1975.01,495727.51,0.0,0
83,83,150,496.12,391.4,130.62,64803.19,0.7889,0
84,84,66,426.46,132.5,130.4,55610.38,0.3107,0
85,85,203,108.21,108.21,178712.91,19338523.99,1.0,1
86,86,70,465.64,465.64,164915.97,76791472.27,1.0,1
87,87,168,62.6,62.6,281765.47,17638518.42,1.0,1
88,88,18,409.64,409.64,268.33,109918.7,1.0,1
89,89,70,193.41,193.41,192449.31,37221621.05,1.0,1
90,90,234,439.6,439.6,65.26,28688.3,1.0,1
91,91,222,434.69,434.69,323.77,140739.58,1.0,1
92,92,75,403.93,308.53,7420.98,2997556.45,0.7638,0
93,93,60,396.07,396.07,379.46,150292.72,1.0,1
94,94,131,155.82,0.0,211.31,32926.32,0.0,0
95,95,26,45.06,0.0,6663.92,300276.24,0.0,0
96,96,125,204.48,204.48,51.75,10581.84,1.0,1
97,97,137,90.89,90.89,51.57,4687.2,1.0,1
98,98,51,349.0,0.0,19.88,6938.12,0.0,0
99,99,118,176.32,176.32,98.64,17392.2,1.0,1
100,100,183,487.93,487.93,201.8,98464.27,1.0,1
101,101,64,322.28,322.28,43.8,14115.86,1.0,1
102,102,79,412.13,171.78,221264.63,91189791.96,0.4168,0
103,103,41,70.6,0.0,133428.77,9420071.16,0.0,0
104,104,176,431.7,0.0,98.57,42552.67,0.0,0
105,105,161,461.76,461.76,4.28,1976.33,1.0,1
106,106,129,246.1,0.0,7010.89,1725380.03,0.0,0
107,107,16,305.1,305.1,42.15,12859.96,1.0,1
108,108,225,383.58,0.0,124190.57,47637018.84,0.0,0
109,109,209,91.55,91.55,9149.16,837605.6,1.0,1
110,110,242,253.77,0.0,191869.55,48690735.7,0.0,0
111,111,72,202.34,0.0,148.52,30051.54,0.0,0
112,112,88,77.46,77.46,3633.74,281469.5,1.0,1
113,113,169,186.93,54.06,4703.52,879228.99,0.2892,0
114,114,134,38.75,38.75,22.23,861.41,1.0,1
115,115,157,17.78,13.64,249273.25,4432078.39,0.7672,0
116,116,107,71.91,71.91,71.65,5152.35,1.0,1
117,117,40,481.74,0.0,2392.55,1152587.04,0.0,0
118,118,80,277.02,277.02,29.4,8144.39,1.0,1
119,119,85,483.08,237.66,60.29,29124.89,0.492,0
120,120,168,219.09,0.0,231762.57,50776861.46,0.0,0
121,121,139,159.35,0.0,47.92,7636.05,0.0,0
122,122,52,255.54,255.54,87.12,22262.64,1.0,1
123,123,80,222.56,0.0,27.96,6222.78,0.0,0
124,124,231,57.3,57.3,257.59,14759.91,1.0,1
125,125,35,322.21,0.0,225.6,72690.58,0.0,0
126,126,233,111.94,111.94,232789.38,26058443.2,1.0,1
127,127,38,311.7,0.0,3109.36,969187.51,0.0,0
128,128,145,326.85,0.0,75.85,24791.57,0.0,0
129,129,82,80.25,80.25,57.73,4632.83,1.0,1
130,130,137,35.37,35.37,63.6,2249.53,1.0,1
131,131,31,391.48,0.0,208.09,81463.07,0.0,0
132,132,215,232.6,232.6,22.11,5142.79,1.0,1
133,133,187,33.79,0.0,30.59,1033.64,0.0,0
134,134,82,497.46,384.08,63.18,31429.52,0.7721,0
135,135,106,33.6,0.0,88.28,2966.21,0.0,0
136,136,191,349.04,349.04,32.72,11420.59,1.0,1
137,137,229,491.92,0.0,5062.58,2490384.35,0.0,0
138,138,190,123.39,123.39,16.27,2007.56,1.0,1
139,139,200,75.41,0.0,4016.78,302905.38,0.0,0
140,140,34,65.09,0.0,1140.02,74203.9,0.0,0
141,141,196,155.12,155.12,4273.3,662874.3,1.0,1
142,142,158,55.02,0.0,190.99,10508.27,0.0,0
143,143,146,347.62,0.0,113.31,39388.82,0.0,0
144,144,153,35.83,35.83,1462.11,52387.4,1.0,1
145,145,176,257.16,0.0,90.44,23257.55,0.0,0
146,146,21,498.36,0.0,386.94,192835.42,0.0,0
147,147,123,407.92,0.0,30428.31,12412316.22,0.0,0
148,148,217,309.53,0.0,47.37,14662.44,0.0,0
149,149,183,156.6,156.6,236.8,37082.88,1.0,1
150,150,48,313.83,0.0,9.79,3072.4,0.0,0
151,151,126,265.89,265.89,234668.41,62395983.53,1.0,1
152,152,42,215.91,215.91,12.69,2739.9,1.0,1
153,153,9,69.7,0.0,3038.62,211791.81,0.0,0
154,154,249,443.87,93.11,6744.18,2993539.18,0.2098,0
155,155,106,227.64,0.0,86.46,19681.75,0.0,0
156,156,172,101.34,101.34,2504.38,253793.87,1.0,1
157,157,194,187.04,0.0,6501.87,1216109.76,0.0,0
158,158,46,209.99,209.99,29536.63,6202396.93,1.0,1
159,159,113,414.63,0.0,5026.59,2084175.01,0.0,0
160,160,126,368.14,0.0,246996.5,90929291.51,0.0,0
161,161,222,385.81,0.0,354.3,136692.48,0.0,0
162,162,64,10.46,0.0,39.01,408.04,0.0,0
163,163,199,211.0,211.0,725.76,153135.36,1.0,1
164,164,189,243.27,0.0,208.81,50797.21,0.0,0
165,165,185,14.5,5.85,43.29,627.71,0.4034,0
166,166,191,133.61,133.61,30.11,4023.0,1.0,1
167,167,138,381.34,0.0,40.44,15421.39,0.0,0
168,168,225,72.87,0.0,134062.53,9769136.56,0.0,0
169,169,10,269.98,0.0,8023.28,2166125.13,0.0,0
170,170,116,111.52,0.0,1647.49,183728.08,0.0,0
171,171,225,11.0,11.0,113452.3,1247975.3,1.0,1
172,172,63,124.39,124.39,14.04,1746.44,1.0,1
173,173,102,488.06,0.0,156710.16,76483960.69,0.0,0
174,174,11,401.76,0.0,807.27,324328.8,0.0,0
175,175,133,479.99,0.0,28626.81,13740582.53,0.0,0
176,176,247,246.49,0.0,329.81,81294.87,0.0,0
177,177,75,59.32,0.0,7054.5,418472.94,0.0,0
178,178,227,276.24,0.0,44.4,12265.06,0.0,0
179,179,212,229.92,0.0,211.22,48563.7,0.0,0
180,180,43,422.96,422.96,30.85,13048.32,1.0,1
181,181,157,53.55,0.0,262794.32,14072635.84,0.0,0
182,182,177,246.68,246.68,59.12,14583.72,1.0,1
183,183,37,79.27,79.27,17.94,1422.1,1.0,1
184,184,166,165.71,0.0,3756.23,622444.87,0.0,0
185,185,185,369.99,0.0,42.15,15595.08,0.0,0
186,186,47,240.63,0.0,258.96,62313.54,0.0,0
187,187,241,191.06,191.06,36.08,6893.44,1.0,1
188,188,140,200.27,0.0,1448.23,290037.02,0.0,0
189,189,106,232.43,0.0,88.74,20625.84,0.0,0
190,190,7,393.58,0.0,87991.94,34631867.75,0.0,0
191,191,152,446.58,446.58,225.8,100837.76,1.0,1
192,192,230,477.89,0.0,62.56,29896.8,0.0,0
193,193,117,394.52,394.52,241.56,95300.25,1.0,1
194,194,83,161.13,0.0,29.3,4721.11,0.0,0
195,195,233,345.63,228.96,191490.5,66184861.52,0.6624,0
196,196,188,221.61,0.0,3578.58,793049.11,0.0,0
197,197,30,131.06,131.06,106.61,13972.31,1.0,1
198,198,163,421.23,421.23,62.91,26499.58,1.0,1
199,199,135,24.02,0.0,114.9,2759.9,0.0,0
200,200,187,451.37,451.37,37.01,16705.2,1.0,1
201,201,131,233.43,233.43,194.48,45397.47,1.0,1
202,202,41,320.41,320.41,146715.2,47009017.23,1.0,1
203,203,98,331.38,331.38,1553.32,514739.18,1.0,1
204,204,44,448.08,0.0,222.56,99724.68,0.0,0
205,205,145,320.15,0.0,75.08,24036.86,0.0,0
206,206,221,308.9,0.0,279.86,86448.75,0.0,0
207,207,223,37.99,37.99,13.71,520.84,1.0,1
208,208,197,261.61,261.61,50.25,13145.9,1.0,1
209,209,108,79.33,0.0,331.31,26282.82,0.0,0
210,210,187,370.03,258.88,34.1,12618.02,0.6996,0
211,211,161,258.55,258.55,4.15,1072.98,1.0,1
212,212,231,341.71,0.0,233.09,79649.18,0.0,0
213,213,52,25.63,25.63,70.35,1803.07,1.0,1
214,214,196,46.97,46.97,3590.42,168642.03,1.0,1
215,215,118,359.58,359.58,97.14,34929.6,1.0,1
216,216,128,40.68,0.0,180.89,7358.61,0.0,0
217,217,2,40.27,0.0,205118.77,8260132.87,0.0,0
218,218,127,10.99,10.99,247.95,2724.97,1.0,1
219,219,151,478.47,478.47,46.78,22382.83,1.0,1
220,220,117,370.07,0.0,262.5,97143.38,0.0,0
221,221,21,179.86,106.26,325.44,58533.64,0.5908,0
222,222,226,151.79,151.79,281.75,42766.83,1.0,1
223,223,159,178.1,108.39,1551.74,276364.89,0.6086,0
224,224,54,388.45,0.0,85395.11,33171730.48,0.0,0
225,225,38,332.38,332.38,2670.18,887514.43,1.0,1
226,226,90,96.67,96.67,20.47,1978.83,1.0,1
227,227,219,91.18,0.0,3994.13,364184.77,0.0,0
228,228,148,53.71,0.0,166728.51,8954988.27,0.0,0
229,229,77,331.85,331.85,66.66,22121.12,1.0,1
230,230,23,383.36,383.36,5563.58,2132854.03,1.0,1
231,231,107,136.2,115.22,70.18,9558.52,0.846,0
232,232,73,15.37,0.0,17.62,270.82,0.0,0
233,233,178,45.67,0.0,231798.08,10586218.31,0.0,0
234,234,147,484.09,484.09,44.04,21319.32,1.0,1
235,235,46,151.25,0.0,29792.32,4506088.4,0.0,0
236,236,192,385.77,222.33,5.72,2206.6,0.5763,0
237,237,24,314.21,0.0,88458.59,27794573.56,0.0,0
238,238,83,194.06,194.06,27.1,5259.03,1.0,1
239,239,98,106.82,78.32,1857.91,198461.95,0.7332,0
240,240,216,65.09,0.0,54.42,3542.2,0.0,0
241,241,75,309.43,309.43,7109.09,2199765.72,1.0,1
242,242,32,388.44,0.0,137.46,53394.96,0.0,0
243,243,71,323.73,0.0,322.5,104402.92,0.0,0
244,244,106,267.5,0.0,93.29,24955.08,0.0,0
245,245,179,25.77,0.0,321.15,8276.04,0.0,0
246,246,15,484.4,484.4,163060.74,78986622.46,1.0,1
247,247,187,400.36,334.93,34.8,13932.53,0.8366,0
248,248,23,149.95,149.95,6226.25,933626.19,1.0,1
249,249,177,490.09,490.09,60.38,29591.63,1.0,1
250,250,202,302.93,0.0,1714.55,519388.63,0.0,0
251,251,74,293.3,0.0,244.27,71644.39,0.0,0
252,252,218,375.3,152.27,1527.99,573454.65,0.4057,0
253,253,160,406.83,0.0,290.65,118245.14,0.0,0
254,254,34,329.96,0.0,1269.41,418854.52,0.0,0
255,255,128,68.41,0.0,179.86,12304.22,0.0,0
256,256,162,172.44,172.44,82.24,14181.47,1.0,1
257,257,207,464.4,0.0,22.19,10305.04,0.0,0
258,258,157,116.18,116.18,222883.42,25894595.74,1.0,1
259,259,75,189.22,0.0,7997.01,1513194.23,0.0,0
260,260,1,218.88,218.88,2731.83,597942.95,1.0,1
261,261,120,222.51,0.0,185.58,41293.41,0.0,0
262,262,31,308.41,0.0,238.52,73561.95,0.0,0
263,263,54,471.82,0.0,102962.36,48579700.7,0.0,0
264,264,107,124.14,0.0,74.89,9296.84,0.0,0
265,265,86,65.14,0.0,221.88,14453.26,0.0,0
266,266,207,102.75,0.0,24.87,2555.39,0.0,0
267,267,3,444.03,444.03,141.07,62639.31,1.0,1
268,268,177,324.68,0.0,55.74,18097.66,0.0,0
269,269,203,146.52,146.52,152562.69,22353485.34,1.0,1
270,270,77,408.89,408.89,69.64,28475.1,1.0,1
271,271,83,431.38,301.35,25.36,10939.8,0.6986,0
272,272,86,424.02,178.89,242.93,103007.18,0.4219,0
273,273,158,459.87,0.0,225.24,103581.12,0.0,0
274,274,214,129.86,129.86,148.79,19321.87,1.0,1
275,275,85,378.75,0.0,71.63,27129.86,0.0,0
276,276,237,232.97,232.97,371.04,86441.19,1.0,1
277,277,235,421.79,421.79,39.3,16576.35,1.0,1
278,278,10,365.6,0.0,8266.68,3022298.21,0.0,0
279,279,124,389.34,0.0,134819.3,52490546.26,0.0,0
280,280,118,329.8,329.8,106.5,35123.7,1.0,1
281,281,138,92.83,0.0,44.07,4091.02,0.0,0
282,282,119,274.79,274.79,263.81,72492.35,1.0,1
283,283,106,492.41,492.41,102.41,50427.71,1.0,1
284,284,15,469.01,469.01,194967.03,91441486.74,1.0,1
285,285,77,26.37,26.37,70.63,1862.51,1.0,1
286,286,174,86.58,86.58,374.84,32453.65,1.0,1
287,287,138,70.21,70.21,35.47,2490.35,1.0,1
288,288,148,364.36,235.22,165282.92,60222484.73,0.6456,0
289,289,228,409.8,0.0,91.43,37468.01,0.0,0
290,290,17,110.69,0.0,100.51,11125.45,0.0,0
291,291,72,255.4,255.4,172.4,44030.96,1.0,1
292,292,87,421.15,0.0,53.16,22388.33,0.0,0
293,293,161,367.74,0.0,4.54,1669.54,0.0,0
294,294,43,273.41,273.41,31.99,8746.39,1.0,1
295,295,100,297.22,0.0,6619.68,1967501.29,0.0,0
296,296,30,256.64,256.64,110.53,28366.42,1.0,1
297,297,193,152.29,0.0,153.28,23343.01,0.0,0
298,298,220,284.69,284.69,57170.91,16275986.37,1.0,1
299,299,9,346.0,0.0,2934.7,1015406.2,0.0,0
300,300,23,437.29,437.29,6246.67,2731606.32,1.0,1
301,301,61,319.96,0.0,245027.09,78398867.72,0.0,0
302,302,213,381.76,381.76,95190.27,36339837.48,1.0,1
303,303,56,84.24,0.0,35.28,2971.99,0.0,0
304,304,45,233.47,233.47,79.76,18621.57,1.0,1
305,305,201,9.62,0.0,33.06,318.04,0.0,0
306,306,52,127.11,100.88,78.94,10034.06,0.7936,0
307,307,7,364.6,0.0,102432.18,37346772.83,0.0,0
308,308,232,495.95,495.95,42.65,21152.27,1.0,1
309,309,49,54.09,0.0,5538.37,299570.43,0.0,0
310,310,124,203.74,0.0,155535.71,31688845.56,0.0,0
311,311,135,401.04,401.04,104.31,41832.48,1.0,1
312,312,84,106.0,31.07,185224.37,19633783.22,0.2931,0
313,313,211,279.77,279.77,337.9,94534.28,1.0,1
314,314,133,367.87,367.87,28046.8,10317576.32,1.0,1
315,315,34,309.91,309.91,1146.18,355212.64,1.0,1
316,316,10,98.07,98.07,7903.97,775142.34,1.0,1
317,317,183,180.92,0.0,248.79,45011.09,0.0,0
318,318,30,392.98,0.0,89.23,35065.61,0.0,0
319,319,239,279.34,0.0,2.5,698.35,0.0,0
320,320,218,7.59,7.59,1553.51,11791.14,1.0,1
321,321,23,381.69,0.0,5996.98,2288987.3,0.0,0
322,322,228,22.48,0.0,75.84,1704.88,0.0,0
323,323,134,374.14,374.14,21.29,7965.44,1.0,1
324,324,191,105.23,0.0,28.24,2971.7,0.0,0
325,325,148,479.25,0.0,163741.06,78472903.0,0.0,0
326,326,164,187.13,145.94,189.41,35444.29,0.7799,0
327,327,50,166.83,0.0,198.74,33155.79,0.0,0
328,328,137,78.7,78.7,54.8,4312.76,1.0,1
329,329,113,156.27,0.0,4806.04,751039.87,0.0,0
330,330,70,438.94,438.94,169260.45,74295181.92,1.0,1
331,331,71,498.19,498.19,304.87,151883.19,1.0,1
332,332,246,187.31,187.31,375.23,70284.33,1.0,1
333,333,132,227.06,60.52,174110.37,39533500.61,0.2665,0
334,334,141,362.43,0.0,80128.89,29041113.6,0.0,0
335,335,37,443.67,443.67,20.06,8900.02,1.0,1
336,336,206,298.56,298.56,112.44,33570.09,1.0,1
337,337,63,198.81,0.0,12.86,2556.7,0.0,0
338,338,80,209.25,0.0,27.47,5748.1,0.0,0
339,339,87,349.33,0.0,48.02,16774.83,0.0,0
340,340,13,6.59,6.59,100.89,664.87,1.0,1
341,341,121,311.7,311.7,264460.81,82432434.48,1.0,1
342,342,13,180.97,180.97,100.24,18140.43,1.0,1
343,343,14,398.13,0.0,4163.76,1657717.77,0.0,0
344,344,101,51.03,51.03,257.38,13134.1,1.0,1
345,345,153,296.16,0.0,1713.58,507493.85,0.0,0
346,346,162,243.08,243.08,89.03,21641.41,1.0,1
347,347,180,322.95,322.95,221.1,71404.24,1.0,1
348,348,92,37.1,0.0,175.83,6523.29,0.0,0
349,349,210,292.09,292.09,262.92,76796.3,1.0,1
350,350,195,282.93,0.0,29.38,8312.48,0.0,0
351,351,137,282.53,0.0,51.44,14533.34,0.0,0
352,352,237,303.73,303.73,378.27,114891.95,1.0,1
353,353,120,339.85,339.85,183.05,62209.54,1.0,1
354,354,24,403.47,403.47,89356.42,36052634.78,1.0,1
355,355,236,138.56,138.56,164.25,22758.48,1.0,1
356,356,25,413.4,0.0,205624.81,85005296.45,0.0,0
357,357,176,251.64,251.64,105.87,26641.13,1.0,1
358,358,197,43.14,0.0,47.37,2043.54,0.0,0
359,359,60,33.98,0.0,376.78,12802.98,0.0,0
360,360,37,170.45,0.0,19.7,3357.86,0.0,0
361,361,158,393.52,393.52,190.56,74989.17,1.0,1
362,362,94,355.3,355.3,2950.37,1048266.46,1.0,1
363,363,180,395.36,395.36,246.87,97602.52,1.0,1
364,364,85,261.05,261.05,70.9,18508.45,1.0,1
365,365,226,222.9,0.0,266.63,59431.83,0.0,0
366,366,125,77.99,0.0,42.06,3280.26,0.0,0
367,367,122,167.46,167.46,6304.24,1055708.03,1.0,1
368,368,123,219.84,219.84,33094.23,7275435.52,1.0,1
369,369,44,48.86,0.0,191.48,9355.71,0.0,0
370,370,90,114.2,114.2,23.67,2703.11,1.0,1
371,371,33,301.12,0.0,205.99,62027.71,0.0,0
372,372,104,369.15,0.0,1665.54,614834.09,0.0,0
373,373,204,499.18,499.18,347.94,173684.69,1.0,1
374,374,143,466.89,466.89,62.15,29017.21,1.0,1
375,375,203,323.07,0.0,162307.59,52436713.1,0.0,0
376,376,119,213.52,213.52,240.75,51404.94,1.0,1
377,377,106,319.91,0.0,86.82,27774.59,0.0,0
378,378,63,393.9,393.9,14.14,5569.75,1.0,1
379,379,250,63.58,63.58,4694.97,298506.19,1.0,1
380,380,17,207.9,207.9,86.68,18020.77,1.0,1
381,381,209,420.7,0.0,8558.6,3600603.02,0.0,0
382,382,111,195.0,195.0,7943.07,1548898.65,1.0,1
383,383,112,288.08,0.0,171244.1,49332000.33,0.0,0
384,384,88,295.95,0.0,3348.8,991077.36,0.0,0
385,385,61,96.32,30.1,263413.55,25371993.14,0.3125,0
386,386,190,184.31,0.0,19.03,3507.42,0.0,0
387,387,147,170.58,170.58,44.53,7595.93,1.0,1
388,388,30,17.97,0.0,103.79,1865.11,0.0,0
389,389,119,16.97,0.0,236.21,4008.48,0.0,0
390,390,25,416.69,416.69,224203.87,93423510.59,1.0,1
391,391,46,140.17,140.17,25497.59,3573997.19,1.0,1
392,392,104,261.45,0.0,1383.54,361726.53,0.0,0
393,393,28,152.87,152.87,258879.64,39574930.57,1.0,1
394,394,153,470.64,0.0,1667.82,784942.8,0.0,0
395,395,98,133.35,133.35,1674.17,223250.57,1.0,1
396,396,166,217.68,217.68,3949.49,859724.98,1.0,1
397,397,24,437.0,437.0,77303.34,33781559.58,1.0,1
398,398,36,421.76,421.76,40.53,17093.93,1.0,1
399,399,232,97.12,0.0,45.3,4399.54,0.0,0
400,400,208,402.31,0.0,44.66,17967.16,0.0,0
401,265,38,231.8,0.0,3112.75,721535.45,0.0,0
402,190,116,244.07,0.0,1677.68,409471.36,0.0,0
403,214,100,71.07,71.07,7368.08,523649.45,1.0,1
404,55,115,44.9,44.9,43123.8,1936258.62,1.0,1
405,157,175,365.33,0.0,2740.35,1001132.07,0.0,0
406,319,77,250.75,0.0,70.72,17733.04,0.0,0
407,219,234,221.24,221.24,65.56,14504.49,1.0,1
408,385,236,366.11,297.71,154.17,56443.18,0.8132,0
409,58,235,383.93,383.93,38.04,14604.7,1.0,1
410,271,23,83.66,48.42,6421.14,537192.57,0.5788,0
411,366,131,307.06,0.0,184.88,56769.25,0.0,0
412,319,33,72.0,0.0,223.27,16075.44,0.0,0
413,292,16,376.93,0.0,39.59,14922.66,0.0,0
414,150,141,330.19,0.0,93408.74,30842631.86,0.0,0
415,380,1,478.52,478.52,3161.75,1512960.61,1.0,1
416,222,211,39.13,39.13,337.63,13211.46,1.0,1
417,223,29,33.24,25.26,3211.85,106761.89,0.7599,0
418,50,61,144.68,144.68,248736.93,35987259.03,1.0,1
419,3,152,134.54,134.54,200.57,26984.69,1.0,1
420,239,82,127.25,84.32,63.05,8023.11,0.6626,0
421,215,112,453.6,453.6,170336.25,77264523.0,1.0,1
422,379,170,128.53,128.53,31417.24,4038057.86,1.0,1
423,122,36,139.62,139.62,34.22,4777.8,1.0,1
424,300,99,380.9,380.9,400.18,152428.56,1.0,1
425,362,93,227.62,227.62,207.85,47310.82,1.0,1
426,138,40,389.47,389.47,2310.55,899889.91,1.0,1
427,166,224,37.36,37.36,224.49,8386.95,1.0,1
428,259,35,246.35,0.0,202.18,49807.04,0.0,0
429,206,166,21.64,0.0,3352.03,72537.93,0.0,0
430,65,185,36.01,0.0,46.1,1660.06,0.0,0
431,89,169,453.69,453.69,4385.06,1989457.87,1.0,1
432,334,35,73.93,0.0,206.27,15249.54,0.0,0
433,78,165,268.55,268.55,63.37,17018.01,1.0,1
434,73,221,208.49,0.0,302.69,63107.84,0.0,0
435,320,202,176.93,176.93,1605.8,284114.19,1.0,1
436,341,239,450.42,450.42,2.76,1243.16,1.0,1
437,341,47,15.8,15.8,239.78,3788.52,1.0,1
438,373,109,333.58,333.58,174.35,58159.67,1.0,1
439,398,116,481.88,481.88,1618.17,779763.76,1.0,1
440,185,58,282.28,0.0,6774.46,1912294.57,0.0,0
441,220,155,468.73,0.0,308.38,144546.96,0.0,0
442,117,128,30.87,0.0,194.14,5993.1,0.0,0
443,27,61,212.3,212.3,266037.12,56479680.58,1.0,1
444,40,69,133.78,133.78,36.73,4913.74,1.0,1
445,291,140,366.76,366.76,1619.22,593865.13,1.0,1
446,195,9,490.74,410.19,3159.57,1550527.38,0.8359,0
447,133,181,131.98,0.0,44.04,5812.4,0.0,0
448,52,149,328.82,328.82,28.26,9292.45,1.0,1
449,263,177,103.06,0.0,52.85,5446.72,0.0,0
450,41,187,284.84,284.84,36.5,10396.66,1.0,1
451,248,220,234.65,234.65,66944.06,15708423.68,1.0,1
452,361,200,486.14,486.14,4113.8,1999882.73,1.0,1
453,128,133,306.22,0.0,24121.94,7386620.47,0.0,0
454,181,228,178.01,0.0,87.57,15588.34,0.0,0
455,247,63,61.48,31.18,14.81,910.52,0.5072,0
456,123,246,79.87,0.0,379.3,30294.69,0.0,0
457,234,176,116.53,116.53,105.6,12305.57,1.0,1
458,227,205,129.23,0.0,338.21,43706.88,0.0,0
459,146,157,426.05,0.0,212418.98,90501106.43,0.0,0
460,127,88,282.81,0.0,3341.13,944904.98,0.0,0
461,172,3,264.08,264.08,135.36,35745.87,1.0,1
462,2,132,61.81,61.81,189389.37,11706156.96,1.0,1
463,99,147,430.77,430.77,43.5,18738.5,1.0,1
464,89,108,362.79,362.79,335.11,121574.56,1.0,1
465,296,205,38.5,38.5,315.14,12132.89,1.0,1
466,175,43,355.38,0.0,27.88,9907.99,0.0,0
467,337,237,274.05,0.0,364.54,99902.19,0.0,0
468,54,78,45.45,30.57,145387.02,6607840.06,0.6726,0
469,294,16,231.86,231.86,42.19,9782.17,1.0,1
470,352,149,244.92,244.92,26.1,6392.41,1.0,1
471,186,14,87.06,0.0,4807.84,418570.55,0.0,0
472,144,75,473.12,473.12,7699.5,3642787.44,1.0,1
473,123,160,425.74,0.0,266.64,113519.31,0.0,0
474,221,125,336.17,85.26,47.56,15988.25,0.2536,0
475,71,218,233.84,0.0,1623.69,379683.67,0.0,0
476,243,65,208.82,0.0,326.05,68085.76,0.0,0
477,337,72,327.23,0.0,150.45,49231.75,0.0,0
478,344,66,274.99,274.99,121.34,33367.29,1.0,1
479,57,29,35.83,35.83,3023.51,108332.36,1.0,1
480,216,233,258.69,0.0,213253.31,55166498.76,0.0,0
481,106,39,404.17,0.0,48.14,19456.74,0.0,0
482,355,95,232.32,232.32,60.21,13987.99,1.0,1
483,31,67,30.72,30.72,6264.95,192459.26,1.0,1
484,31,61,394.21,394.21,252019.29,99348524.31,1.0,1
485,8,205,104.68,104.68,333.98,34961.03,1.0,1
486,203,9,133.02,133.02,2988.79,397568.85,1.0,1
487,13,22,86.53,71.71,146.26,12655.88,0.8287,0
488,233,211,168.46,0.0,276.83,46634.78,0.0,0
489,163,127,379.59,379.59,281.21,106744.5,1.0,1
490,237,106,262.1,0.0,98.85,25908.58,0.0,0
491,363,61,106.42,106.42,262862.12,27973786.81,1.0,1
492,221,186,439.53,270.06,242.04,106383.84,0.6144,0
493,218,188,440.39,440.39,4268.9,1879980.87,1.0,1
494,400,14,435.94,0.0,4791.96,2089007.04,0.0,0
495,189,194,123.2,0.0,7552.83,930508.66,0.0,0
496,311,14,228.36,228.36,4255.8,971854.49,1.0,1
497,147,103,492.57,0.0,4951.9,2439157.38,0.0,0
498,90,122,387.15,387.15,7379.48,2856965.68,1.0,1
499,309,193,18.45,0.0,177.37,3272.48,0.0,0
500,294,60,37.28,37.28,329.75,12293.08,1.0,1
501,117,181,234.65,0.0,44.28,10390.3,0.0,0
502,186,68,455.06,0.0,83.56,38024.81,0.0,0
503,205,223,271.66,0.0,14.77,4012.42,0.0,0
504,159,74,251.42,0.0,274.61,69042.45,0.0,0
505,201,115,57.21,57.21,45240.84,2588228.46,1.0,1
506,266,81,330.11,0.0,23.49,7754.28,0.0,0
507,340,175,411.94,411.94,2788.36,1148637.02,1.0,1
508,323,25,193.31,193.31,229055.46,44278710.97,1.0,1
509,246,164,388.93,388.93,191.0,74285.63,1.0,1
510,67,217,482.42,482.42,45.42,21911.52,1.0,1
511,206,236,105.86,0.0,162.47,17199.07,0.0,0
512,179,70,264.05,0.0,177641.34,46906195.83,0.0,0
513,72,69,147.13,0.0,40.31,5930.81,0.0,0
514,380,66,397.46,397.46,142.83,56769.21,1.0,1
515,264,101,290.91,0.0,276.59,80462.8,0.0,0
516,388,173,319.12,0.0,88164.78,28135144.59,0.0,0
517,295,188,399.97,0.0,4105.57,1642104.83,0.0,0
518,194,198,201.01,0.0,40.69,8179.1,0.0,0
519,144,87,457.97,457.97,49.61,22719.89,1.0,1
520,88,47,268.85,268.85,231.43,62219.96,1.0,1
521,196,3,83.19,0.0,142.15,11825.46,0.0,0
522,26,213,349.47,0.0,76724.74,26812994.89,0.0,0
523,148,106,397.66,0.0,83.63,33256.31,0.0,0
524,18,27,161.8,161.8,89.13,14421.23,1.0,1
525,83,90,429.3,147.09,21.86,9384.5,0.3426,0
526,364,50,453.54,453.54,185.83,84281.34,1.0,1
527,145,159,142.07,0.0,1296.1,184136.93,0.0,0
528,188,241,491.84,0.0,33.67,16560.25,0.0,0
529,182,229,74.65,74.65,5299.9,395637.54,1.0,1
530,19,244,105.0,61.91,52.24,5485.2,0.5896,0
531,393,246,96.19,96.19,330.54,31794.64,1.0,1
532,130,220,447.52,447.52,61409.06,27481782.53,1.0,1
533,282,97,328.87,328.87,26.87,8836.74,1.0,1
534,209,231,80.29,0.0,265.35,21304.95,0.0,0
535,332,206,222.96,222.96,132.24,29484.23,1.0,1
536,334,230,309.57,0.0,61.06,18902.34,0.0,0
537,106,48,46.31,0.0,8.48,392.71,0.0,0
538,218,120,441.8,441.8,187.12,82669.62,1.0,1
539,70,20,402.78,402.78,177676.2,71564419.84,1.0,1
540,262,237,255.08,0.0,399.07,101794.78,0.0,0
541,147,197,483.73,0.0,46.92,22696.61,0.0,0
542,262,232,211.79,0.0,44.39,9401.36,0.0,0
543,335,198,492.13,492.13,42.07,20703.91,1.0,1
544,207,42,335.62,335.62,14.65,4916.83,1.0,1
545,151,71,319.16,319.16,359.26,114661.42,1.0,1
546,363,98,87.15,87.15,1700.25,148176.79,1.0,1
547,207,16,441.55,441.55,38.49,16995.26,1.0,1
548,142,209,216.61,0.0,7702.76,1668494.84,0.0,0
549,348,113,85.31,0.0,4128.95,352240.72,0.0,0
550,195,238,11.24,3.71,168.24,1891.02,0.3301,0
551,193,166,282.08,282.08,3793.64,1070109.97,1.0,1
552,242,37,266.06,0.0,18.28,4863.58,0.0,0
553,201,111,361.08,361.08,6917.78,2497872.0,1.0,1
554,56,165,445.68,119.92,58.13,25907.38,0.2691,0
555,67,67,44.31,44.31,5293.96,234575.37,1.0,1
556,31,19,367.09,367.09,207.01,75991.3,1.0,1
557,258,187,97.77,97.77,32.45,3172.64,1.0,1
558,85,115,429.8,429.8,41113.96,17670780.01,1.0,1
559,75,128,410.44,410.44,163.67,67176.71,1.0,1
560,145,164,272.69,0.0,173.95,47434.43,0.0,0
561,287,10,356.57,356.57,8303.58,2960807.52,1.0,1
562,48,69,160.6,47.95,35.99,5779.99,0.2986,0
563,93,101,238.23,238.23,284.32,67733.55,1.0,1
564,325,132,411.71,0.0,181048.55,74539498.52,0.0,0
565,289,198,232.34,0.0,43.86,10190.43,0.0,0
566,193,112,182.11,182.11,164533.64,29963221.18,1.0,1
567,192,187,249.64,0.0,36.92,9216.71,0.0,0
568,85,202,414.98,414.98,1372.04,569369.16,1.0,1
569,65,58,170.93,0.0,6447.92,1102142.97,0.0,0
570,334,245,91.01,0.0,16.77,1526.24,0.0,0
571,9,200,357.45,357.45,4328.68,1547286.67,1.0,1
572,18,146,413.86,413.86,111.24,46037.79,1.0,1
573,230,92,54.82,54.82,176.78,9691.08,1.0,1
574,65,78,123.74,0.0,139692.24,17285517.78,0.0,0
575,252,162,75.28,63.84,85.24,6416.87,0.848,0
576,16,94,177.23,97.03,3370.79,597405.11,0.5475,0
577,229,21,227.92,227.92,400.75,91338.94,1.0,1
578,23,195,375.67,0.0,30.04,11285.13,0.0,0
579,104,166,327.32,0.0,3525.78,1154058.31,0.0,0
580,73,142,312.36,0.0,103.98,32479.19,0.0,0
581,384,99,179.43,0.0,383.73,68852.67,0.0,0
582,240,77,421.52,0.0,72.85,30707.73,0.0,0
583,226,230,238.29,238.29,60.99,14533.31,1.0,1
584,8,177,489.66,489.66,56.85,27837.17,1.0,1
585,288,22,318.9,247.27,140.76,44888.36,0.7754,0
586,265,49,67.5,0.0,5257.0,354847.5,0.0,0
587,114,50,339.71,339.71,185.38,62975.44,1.0,1
588,35,152,165.93,165.93,192.75,31983.01,1.0,1
589,180,100,344.73,344.73,6402.27,2207054.54,1.0,1
590,398,139,39.47,39.47,47.46,1873.25,1.0,1
591,347,128,91.57,91.57,180.48,16526.55,1.0,1
592,69,214,428.59,0.0,173.86,74514.66,0.0,0
593,333,248,117.45,99.51,153.26,18000.39,0.8473,0
594,241,15,419.34,419.34,173101.91,72588554.94,1.0,1
595,318,185,143.24,0.0,37.45,5364.34,0.0,0
596,329,31,323.23,0.0,209.6,67749.01,0.0,0
597,73,168,348.6,0.0,264540.31,92218752.07,0.0,0
598,264,118,258.76,0.0,107.63,27850.34,0.0,0
599,106,223,156.13,0.0,16.38,2557.41,0.0,0
600,290,39,110.26,0.0,49.06,5409.36,0.0,0
601,138,60,21.43,21.43,374.9,8034.11,1.0,1
602,182,10,155.45,155.45,8441.54,1312237.39,1.0,1
603,237,126,328.32,0.0,245036.18,80450278.62,0.0,0
604,92,121,469.46,370.72,247728.55,116298645.08,0.7897,0
605,155,63,436.25,0.0,14.67,6399.79,0.0,0
606,44,34,384.2,0.0,1088.7,418278.54,0.0,0
607,81,162,395.28,0.0,73.25,28954.26,0.0,0
608,344,79,334.17,334.17,244942.47,81852425.2,1.0,1
609,202,25,133.84,133.84,205655.25,27524898.66,1.0,1
610,168,44,454.06,0.0,218.76,99330.17,0.0,0
611,60,17,337.01,0.0,97.17,32747.26,0.0,0
612,39,28,282.42,0.0,224366.71,63365646.24,0.0,0
613,191,153,59.94,59.94,1678.44,100605.69,1.0,1
614,246,57,226.29,226.29,37526.18,8491799.27,1.0,1
615,16,52,232.88,111.09,86.12,20055.63,0.477,0
616,314,189,432.96,432.96,201.92,87423.28,1.0,1
617,202,84,275.59,275.59,154117.68,42473291.43,1.0,1
618,48,176,193.3,111.03,93.22,18019.43,0.5744,0
619,193,215,488.52,488.52,22.53,11006.36,1.0,1
620,53,55,59.81,0.0,247.47,14801.18,0.0,0
621,242,152,214.16,0.0,189.48,40579.04,0.0,0
622,332,17,25.8,25.8,81.84,2111.47,1.0,1
623,359,37,371.25,0.0,19.24,7142.85,0.0,0
624,310,44,459.45,0.0,211.9,97357.46,0.0,0
625,260,142,143.62,143.62,107.58,15450.64,1.0,1
626,209,63,429.88,0.0,15.43,6633.05,0.0,0
627,149,11,149.65,149.65,724.88,108478.29,1.0,1
628,18,203,455.83,455.83,184987.06,84322651.56,1.0,1
629,212,157,378.21,0.0,231223.07,87450877.3,0.0,0
630,92,41,403.43,84.78,150708.39,60800285.78,0.2101,0
631,321,2,13.91,0.0,175834.64,2445859.84,0.0,0
632,316,238,481.59,481.59,155.45,74863.17,1.0,1
633,153,167,364.7,0.0,1227.27,447585.37,0.0,0
634,236,73,155.85,73.33,18.45,2875.43,0.4705,0
635,297,198,415.55,0.0,43.71,18163.69,0.0,0
636,305,33,144.35,0.0,190.86,27550.64,0.0,0
637,279,164,437.01,0.0,187.0,81720.87,0.0,0
638,40,116,60.73,60.73,1629.27,98945.57,1.0,1
639,54,241,353.32,110.75,34.45,12171.87,0.3135,0
640,191,47,272.65,272.65,255.32,69613.0,1.0,1
641,94,157,52.78,0.0,264612.48,13966246.69,0.0,0
642,344,161,124.74,124.74,4.86,606.24,1.0,1
643,114,78,11.14,11.14,137849.94,1535648.33,1.0,1
644,351,2,237.04,0.0,202668.18,48040465.39,0.0,0
645,164,50,154.13,0.0,190.09,29298.57,0.0,0
646,76,136,301.19,0.0,193.0,58129.67,0.0,0
647,284,159,152.13,152.13,1390.87,211593.05,1.0,1
648,316,195,153.46,153.46,31.56,4843.2,1.0,1
649,232,130,372.88,0.0,44.32,16526.04,0.0,0
650,48,198,28.83,17.51,40.83,1177.13,0.6074,0
651,3,14,451.93,451.93,4285.3,1936655.63,1.0,1
652,262,204,426.87,0.0,351.9,150215.55,0.0,0
653,276,217,335.56,335.56,51.46,17267.92,1.0,1
654,127,122,298.64,0.0,6957.31,2077731.06,0.0,0
655,145,41,446.69,0.0,157463.04,70337165.34,0.0,0
656,62,12,96.74,0.0,48713.5,4712543.99,0.0,0
657,261,94,44.09,0.0,2871.29,126595.18,0.0,0
658,102,112,123.56,44.9,173282.65,21410804.23,0.3634,0
659,342,228,398.32,398.32,90.65,36107.71,1.0,1
660,170,12,22.16,0.0,49385.32,1094378.69,0.0,0
661,147,14,293.49,0.0,5111.18,1500080.22,0.0,0
662,111,46,497.74,0.0,24518.99,12204082.08,0.0,0
663,273,8,428.57,0.0,7103.39,3044299.85,0.0,0
664,302,30,263.12,263.12,90.88,23912.35,1.0,1
665,166,61,36.5,36.5,266609.22,9731236.53,1.0,1
666,314,152,416.53,416.53,209.89,87425.48,1.0,1
667,193,108,301.49,301.49,322.04,97091.84,1.0,1
668,149,174,61.89,61.89,430.64,26652.31,1.0,1
669,222,59,51.46,51.46,43072.22,2216496.44,1.0,1
670,102,84,455.27,158.46,158935.55,72358587.85,0.3481,0
671,123,106,336.25,0.0,101.1,33994.88,0.0,0
672,138,97,415.5,415.5,28.35,11779.42,1.0,1
673,283,19,440.09,440.09,229.6,101044.66,1.0,1
674,295,125,288.03,0.0,42.34,12195.19,0.0,0
675,342,112,261.14,261.14,153891.67,40187270.7,1.0,1
676,264,238,218.06,0.0,177.38,38679.48,0.0,0
677,300,46,161.89,161.89,26014.94,4211558.64,1.0,1
678,179,35,220.13,0.0,227.15,50002.53,0.0,0
679,280,50,388.07,388.07,216.4,83978.35,1.0,1
680,65,250,302.95,0.0,4450.37,1348239.59,0.0,0
681,86,86,446.8,446.8,209.39,93555.45,1.0,1
682,161,178,224.47,0.0,224726.31,50444314.81,0.0,0
683,136,72,305.51,305.51,145.06,44317.28,1.0,1
684,221,219,317.5,159.57,4418.34,1402822.95,0.5026,0
685,279,195,297.89,0.0,27.13,8081.76,0.0,0
686,283,227,352.8,352.8,44.3,15629.04,1.0,1
687,65,41,122.53,0.0,161866.11,19833454.46,0.0,0
688,386,164,258.62,0.0,219.93,56878.3,0.0,0
689,3,232,56.59,56.59,39.22,2219.46,1.0,1
690,37,249,195.33,0.0,7237.19,1413640.32,0.0,0
691,59,59,246.4,246.4,36260.69,8934634.02,1.0,1
692,371,220,327.85,0.0,60198.06,19735933.97,0.0,0
693,175,221,475.51,0.0,342.96,163080.91,0.0,0
694,26,152,302.32,0.0,204.55,61839.56,0.0,0
695,89,119,373.08,373.08,233.43,87088.06,1.0,1
696,33,187,255.6,255.6,33.95,8677.62,1.0,1
697,16,224,318.88,114.9,206.47,65839.15,0.3603,0
698,154,149,40.11,13.82,31.35,1257.45,0.3446,0
699,394,243,130.92,0.0,46.28,6058.98,0.0,0
700,246,147,184.12,184.12,45.15,8313.02,1.0,1
701,209,107,238.88,0.0,85.45,20412.3,0.0,0
702,285,11,27.6,27.6,891.45,24604.02,1.0,1
703,239,188,74.31,51.99,3492.15,259501.67,0.6996,0
704,379,136,142.02,142.02,168.44,23921.85,1.0,1
705,329,208,485.91,0.0,54.56,26511.25,0.0,0
706,257,211,169.02,0.0,272.69,46090.06,0.0,0
707,176,127,243.61,0.0,248.12,60444.51,0.0,0
708,81,143,102.07,0.0,63.66,6497.78,0.0,0
709,263,178,307.34,0.0,233519.88,71769999.92,0.0,0
710,322,244,143.94,0.0,53.6,7715.18,0.0,0
711,115,92,107.46,42.15,190.9,20514.11,0.3922,0
712,14,24,260.7,0.0,73219.46,19088313.22,0.0,0
713,240,172,7.73,0.0,2131.36,16475.41,0.0,0
714,207,181,8.79,8.79,45.05,395.99,1.0,1
715,93,147,113.44,113.44,43.64,4950.52,1.0,1
716,68,7,23.18,19.35,94625.48,2193418.63,0.8348,0
717,15,36,58.47,58.47,40.41,2362.77,1.0,1
718,96,104,172.74,172.74,1427.03,246505.16,1.0,1
719,1,224,402.28,177.31,213.67,85955.17,0.4408,0
720,63,163,288.16,288.16,57.17,16474.11,1.0,1
721,399,161,258.77,0.0,4.03,1042.84,0.0,0
722,312,229,150.28,97.53,4936.01,741783.58,0.649,0
723,142,76,466.22,0.0,7634.86,3559524.43,0.0,0
724,159,70,201.52,0.0,194032.67,39101463.66,0.0,0
725,235,157,48.11,0.0,240894.12,11589416.11,0.0,0
726,208,204,310.45,310.45,357.34,110936.2,1.0,1
727,295,176,61.35,0.0,91.81,5632.54,0.0,0
728,28,226,175.89,0.0,267.37,47027.71,0.0,0
729,37,239,256.17,0.0,2.5,640.43,0.0,0
730,114,243,437.74,437.74,55.68,24373.36,1.0,1
731,332,94,249.31,249.31,3316.87,826928.86,1.0,1
732,367,29,352.62,352.62,2864.66,1010136.41,1.0,1
733,140,120,496.44,0.0,185.3,91990.33,0.0,0
734,386,94,70.09,0.0,2931.42,205463.23,0.0,0
735,111,166,140.99,0.0,3855.51,543588.35,0.0,0
736,243,18,200.32,0.0,279.9,56069.57,0.0,0
737,78,199,213.8,213.8,758.22,162107.44,1.0,1
738,372,86,208.46,0.0,215.64,44952.31,0.0,0
739,230,30,454.27,454.27,105.2,47789.2,1.0,1
740,105,189,358.45,358.45,214.23,76790.74,1.0,1
741,163,149,305.91,305.91,30.96,9470.97,1.0,1
742,43,180,158.14,0.0,208.21,32926.33,0.0,0
743,29,191,412.78,0.0,31.47,12990.19,0.0,0
744,118,83,477.75,477.75,26.99,12894.47,1.0,1
745,379,69,411.49,411.49,37.58,15463.79,1.0,1
746,322,109,5.77,0.0,162.81,939.41,0.0,0
747,383,17,320.02,0.0,87.38,27963.35,0.0,0
748,351,116,30.31,0.0,1659.4,50296.41,0.0,0
749,326,135,132.52,97.96,108.57,14387.7,0.7392,0
750,230,137,34.46,34.46,59.82,2061.4,1.0,1
751,278,137,303.88,0.0,62.91,19117.09,0.0,0
752,387,116,344.86,344.86,1714.11,591127.97,1.0,1
753,226,205,61.67,61.67,345.79,21324.87,1.0,1
754,308,178,195.0,195.0,237671.35,46345913.25,1.0,1
755,303,241,230.84,0.0,35.99,8307.93,0.0,0
756,385,49,187.68,146.34,5703.9,1070507.95,0.7797,0
757,184,21,64.91,0.0,360.1,23374.09,0.0,0
758,185,46,212.38,0.0,25369.3,5387931.93,0.0,0
759,235,245,376.83,0.0,14.38,5418.82,0.0,0
760,11,43,40.15,0.0,29.73,1193.66,0.0,0
761,47,179,44.69,44.69,316.0,14122.04,1.0,1
762,28,39,180.61,0.0,50.58,9135.25,0.0,0
763,254,134,471.15,0.0,22.19,10454.82,0.0,0
764,398,6,335.94,335.94,19.74,6631.46,1.0,1
765,271,249,340.94,219.42,7897.63,2692617.97,0.6436,0
766,92,122,184.15,78.33,6866.21,1264412.57,0.4254,0
767,127,166,298.86,0.0,3357.39,1003389.58,0.0,0
768,383,49,10.01,0.0,5148.78,51539.29,0.0,0
769,207,224,319.87,319.87,231.42,74024.32,1.0,1
770,4,214,457.08,0.0,179.2,81908.74,0.0,0
771,333,166,308.22,128.93,3873.97,1194035.03,0.4183,0
772,100,168,437.48,437.48,263222.04,115154378.06,1.0,1
773,38,84,363.37,363.37,169250.51,61500557.82,1.0,1
774,270,171,64.68,64.68,1938.11,125356.95,1.0,1
775,329,216,451.71,0.0,54.4,24573.02,0.0,0
776,31,118,37.89,37.89,92.56,3507.1,1.0,1
777,373,34,269.31,269.31,1354.95,364901.58,1.0,1
778,191,79,75.36,75.36,208982.84,15748946.82,1.0,1
779,142,67,10.79,0.0,5470.5,59026.69,0.0,0
780,358,96,213.91,0.0,1664.71,356098.12,0.0,0
781,108,198,151.05,0.0,47.67,7200.55,0.0,0
782,379,38,245.57,245.57,2887.92,709186.51,1.0,1
783,274,117,290.71,290.71,298.25,86704.26,1.0,1
784,364,159,26.65,26.65,1588.25,42326.86,1.0,1
785,200,183,65.89,65.89,230.43,15183.03,1.0,1
786,80,47,281.53,281.53,270.46,76142.6,1.0,1
787,295,215,174.87,0.0,21.26,3717.74,0.0,0
788,350,232,365.94,0.0,44.38,16240.42,0.0,0
789,83,40,327.88,99.94,2208.61,724159.05,0.3048,0
790,82,82,423.57,0.0,65.71,27832.78,0.0,0
791,100,113,347.78,347.78,4343.88,1510714.59,1.0,1
792,248,48,217.82,217.82,8.37,1823.15,1.0,1
793,63,182,338.12,338.12,150219.07,50792071.95,1.0,1
794,43,82,141.31,0.0,72.06,10182.8,0.0,0
795,369,38,156.63,0.0,2902.38,454599.78,0.0,0
796,271,139,395.55,329.91,46.23,18286.28,0.8341,0
797,266,32,225.98,0.0,144.69,32697.05,0.0,0
798,246,104,400.2,400.2,1708.34,683677.67,1.0,1
799,306,197,412.1,121.36,47.29,19488.21,0.2945,0
800,217,82,429.49,0.0,59.12,25391.45,0.0,0
801,17,249,458.73,458.73,7560.89,3468407.07,1.0,1
802,193,250,218.34,218.34,4723.76,1031385.76,1.0,1
803,249,166,162.84,162.84,3991.48,649972.6,1.0,1
804,197,122,293.19,293.19,7633.88,2238177.28,1.0,1
805,395,249,188.73,188.73,7919.05,1494562.31,1.0,1
806,359,147,302.53,0.0,42.83,12957.36,0.0,0
807,348,205,354.27,0.0,337.04,119403.16,0.0,0
808,197,233,345.76,345.76,230068.38,79548443.07,1.0,1
809,394,87,190.4,0.0,49.74,9470.5,0.0,0
810,367,188,87.6,87.6,3920.18,343407.77,1.0,1
811,113,11,218.11,63.39,805.96,175787.94,0.2906,0
812,89,79,75.58,75.58,200841.16,15179574.87,1.0,1
813,231,159,445.6,332.67,1420.39,632925.78,0.7466,0
814,22,24,176.21,72.62,85211.42,15015104.32,0.4121,0
815,320,50,81.46,81.46,213.92,17425.92,1.0,1
816,192,57,17.6,0.0,44883.4,789947.84,0.0,0
817,217,197,324.68,0.0,45.19,14672.29,0.0,0
818,201,6,320.27,320.27,18.68,5982.64,1.0,1
819,158,218,173.6,173.6,1498.39,260120.5,1.0,1
820,275,172,40.5,0.0,2487.66,100750.23,0.0,0
821,70,250,207.77,207.77,4728.79,982500.7,1.0,1
822,391,50,159.05,159.05,209.17,33268.49,1.0,1
823,280,155,340.17,340.17,359.47,122280.91,1.0,1
824,185,242,304.86,0.0,168831.4,51469940.6,0.0,0
825,276,171,185.47,185.47,1786.65,331369.98,1.0,1
826,5,38,112.86,112.86,3152.99,355846.45,1.0,1
827,85,110,494.08,494.08,125456.53,61985562.34,1.0,1
828,233,96,229.73,0.0,1315.61,302235.09,0.0,0
829,131,89,345.7,0.0,1099.65,380149.0,0.0,0
830,246,115,74.57,74.57,50834.0,3790691.38,1.0,1
831,104,23,245.37,0.0,5817.69,1427486.6,0.0,0
832,220,228,18.63,0.0,84.12,1567.16,0.0,0
833,95,107,255.2,0.0,82.16,20967.23,0.0,0
834,189,74,482.19,0.0,228.3,110083.98,0.0,0
835,246,187,195.18,195.18,38.52,7518.33,1.0,1
836,147,109,24.3,0.0,181.77,4417.01,0.0,0
837,200,107,20.32,20.32,69.77,1417.73,1.0,1
838,85,151,197.05,197.05,46.1,9084.01,1.0,1
839,281,37,84.21,0.0,16.81,1415.57,0.0,0
840,149,122,16.56,16.56,7790.78,129015.32,1.0,1
841,342,135,379.33,379.33,122.35,46411.03,1.0,1
842,112,17,231.97,231.97,99.71,23129.73,1.0,1
843,72,152,148.18,0.0,218.74,32412.89,0.0,0
844,53,23,450.54,0.0,5498.91,2477478.91,0.0,0
845,231,164,62.49,49.64,193.93,12118.69,0.7944,0
846,92,143,478.18,239.27,60.96,29149.85,0.5004,0
847,40,235,160.41,160.41,36.04,5781.18,1.0,1
848,108,48,444.76,0.0,9.75,4336.41,0.0,0
849,95,75,303.46,0.0,7254.13,2201338.29,0.0,0
850,173,11,414.22,0.0,858.74,355707.28,0.0,0
851,153,78,492.09,0.0,154845.48,76197912.25,0.0,0
852,59,78,147.76,147.76,142956.54,21123258.35,1.0,1
853,384,190,480.76,0.0,17.07,8206.57,0.0,0
854,60,7,197.79,0.0,102250.43,20224112.55,0.0,0
855,323,40,195.83,195.83,2295.22,449472.93,1.0,1
856,71,245,173.49,0.0,16.58,2876.46,0.0,0
857,200,163,273.0,273.0,64.65,17649.45,1.0,1
858,399,168,81.3,0.0,264453.34,21500056.54,0.0,0
859,340,74,279.09,279.09,243.67,68005.86,1.0,1
860,207,126,273.14,273.14,259607.69,70909244.45,1.0,1
861,289,166,382.14,0.0,3564.37,1362088.35,0.0,0
862,315,31,417.66,417.66,240.02,100246.75,1.0,1
863,121,127,223.02,0.0,296.82,66196.8,0.0,0
864,225,18,154.65,154.65,282.47,43683.99,1.0,1
865,228,93,133.37,0.0,195.73,26104.51,0.0,0
866,160,145,101.34,0.0,67.78,6868.83,0.0,0
867,277,67,33.54,33.54,6044.05,202717.44,1.0,1
868,25,122,174.51,0.0,7766.79,1355382.52,0.0,0
869,326,210,138.77,38.54,284.68,39505.04,0.2777,0
870,191,148,483.38,483.38,135904.9,65693710.56,1.0,1
871,252,67,281.07,85.97,5229.95,1469982.05,0.3059,0
872,180,82,176.9,176.9,63.92,11307.45,1.0,1
873,134,178,292.33,84.21,202874.15,59306200.27,0.2881,0
874,145,70,73.9,0.0,178823.94,13215089.17,0.0,0
875,225,163,224.8,224.8,71.63,16102.42,1.0,1
876,373,92,314.99,314.99,163.98,51652.06,1.0,1
877,104,75,247.0,0.0,7211.77,1781307.19,0.0,0
878,8,240,203.88,203.88,31125.72,6345911.79,1.0,1
879,49,50,496.95,346.96,193.46,96139.95,0.6982,0
880,347,25,440.76,440.76,212884.19,93830835.58,1.0,1
881,386,43,313.59,0.0,31.78,9965.89,0.0,0
882,80,224,286.84,286.84,205.88,59054.62,1.0,1
883,231,217,312.23,201.46,43.95,13722.51,0.6452,0
884,260,176,104.65,104.65,107.2,11218.48,1.0,1
885,70,93,200.59,200.59,173.01,34704.08,1.0,1
886,313,149,24.53,24.53,27.37,671.39,1.0,1
887,143,37,240.4,0.0,15.95,3834.38,0.0,0
888,270,133,273.8,273.8,25454.42,6969420.2,1.0,1
889,195,200,117.74,60.66,4178.37,491961.28,0.5152,0
890,295,234,482.19,0.0,57.65,27798.25,0.0,0
891,356,56,455.18,0.0,32.11,14615.83,0.0,0
892,153,57,362.46,0.0,45398.59,16455172.93,0.0,0
893,115,204,269.03,210.67,395.47,106393.29,0.7831,0
894,253,213,435.63,0.0,95227.26,41483851.27,0.0,0
895,58,217,69.67,69.67,46.55,3243.14,1.0,1
896,68,142,396.3,260.16,125.79,49850.58,0.6565,0
897,324,107,66.79,0.0,75.76,5060.01,0.0,0
898,135,20,398.13,0.0,155786.61,62023323.04,0.0,0
899,253,34,141.5,0.0,1362.52,192796.58,0.0,0
900,229,123,439.16,439.16,32173.15,14129160.55,1.0,1
901,340,177,472.3,472.3,56.9,26873.87,1.0,1
902,29,210,78.65,0.0,279.79,22005.48,0.0,0
903,65,153,234.02,0.0,1573.12,368141.54,0.0,0
904,92,249,490.59,207.19,7511.05,3684846.02,0.4223,0
905,127,8,244.29,0.0,7554.45,1845476.59,0.0,0
906,117,31,432.46,0.0,210.19,90898.77,0.0,0
907,107,220,296.42,296.42,62717.05,18590587.96,1.0,1
908,258,177,190.79,190.79,54.95,10483.91,1.0,1
909,109,33,146.46,146.46,191.04,27979.72,1.0,1
910,178,21,105.6,0.0,363.18,38351.81,0.0,0
911,346,196,382.09,382.09,4085.14,1560891.14,1.0,1
912,146,20,196.34,0.0,151688.86,29782590.77,0.0,0
913,235,124,258.08,0.0,156429.37,40371291.81,0.0,0
914,387,11,248.7,248.7,737.11,183319.26,1.0,1
915,166,9,290.75,290.75,3330.06,968214.94,1.0,1
916,74,132,433.46,433.46,176239.08,76392591.62,1.0,1
917,10,121,490.47,490.47,218397.81,107117573.87,1.0,1
918,292,65,206.75,0.0,318.25,65798.19,0.0,0
919,265,78,414.62,0.0,149014.27,61784296.63,0.0,0
920,377,194,383.44,0.0,6317.2,2422267.17,0.0,0
921,281,32,288.9,0.0,144.68,41798.05,0.0,0
922,33,53,478.24,478.24,390.85,186920.1,1.0,1
923,67,52,104.23,104.23,73.89,7701.55,1.0,1
924,42,90,59.09,0.0,20.43,1207.21,0.0,0
925,26,38,427.71,0.0,3247.89,1389155.03,0.0,0
926,352,242,222.38,222.38,179052.03,39817590.43,1.0,1
927,220,149,424.25,0.0,27.34,11599.0,0.0,0
928,11,42,447.08,0.0,14.9,6661.49,0.0,0
929,159,200,35.92,0.0,4590.06,164874.96,0.0,0
930,306,62,442.32,233.63,179.2,79263.74,0.5282,0
931,34,210,226.92,0.0,289.22,65629.8,0.0,0
932,105,4,257.66,257.66,268.4,69155.94,1.0,1
933,63,184,315.16,315.16,7099.87,2237595.03,1.0,1
934,262,73,463.56,0.0,15.78,7314.98,0.0,0
935,355,194,14.46,14.46,7070.21,102235.24,1.0,1
936,124,250,241.04,241.04,4974.4,1199029.38,1.0,1
937,99,237,345.42,345.42,331.23,114413.47,1.0,1
938,114,130,362.74,362.74,51.66,18739.15,1.0,1
939,251,122,347.8,0.0,6734.8,2342363.44,0.0,0
940,53,151,71.55,0.0,41.57,2974.33,0.0,0
941,336,173,153.2,153.2,92394.67,14154863.44,1.0,1
942,12,47,182.56,182.56,262.27,47880.01,1.0,1
943,266,98,403.2,0.0,1715.38,691641.22,0.0,0
944,345,132,142.99,0.0,160872.0,23003087.28,0.0,0
945,131,29,109.3,0.0,3136.86,342858.8,0.0,0
946,191,81,478.94,478.94,19.18,9186.07,1.0,1
947,390,29,9.39,9.39,2963.03,27822.85,1.0,1
948,217,127,498.92,0.0,281.82,140605.63,0.0,0
949,109,181,340.03,340.03,43.15,14672.29,1.0,1
950,178,185,415.09,0.0,37.43,15536.82,0.0,0
951,388,84,150.84,0.0,169563.84,25577009.63,0.0,0
952,280,99,12.09,12.09,349.77,4228.72,1.0,1
953,71,154,370.25,0.0,237.26,87845.52,0.0,0
954,240,176,417.9,0.0,114.14,47699.11,0.0,0
955,253,114,371.54,0.0,26506.09,9848072.68,0.0,0
956,255,105,75.71,0.0,317.86,24065.18,0.0,0
957,226,219,377.95,377.95,4429.05,1673959.45,1.0,1
958,210,220,385.62,94.57,64861.26,25011799.08,0.2452,0
959,256,122,330.98,330.98,7707.07,2550886.03,1.0,1
960,124,95,384.23,384.23,51.63,19837.79,1.0,1
961,139,173,423.73,0.0,82945.91,35146670.44,0.0,0
962,216,27,308.73,0.0,83.11,25658.55,0.0,0
963,322,134,48.86,0.0,20.76,1014.33,0.0,0
964,177,22,246.38,0.0,129.65,31943.17,0.0,0
965,147,102,43.44,0.0,136771.73,5941363.95,0.0,0
966,104,152,206.73,0.0,229.86,47518.96,0.0,0
967,122,190,206.52,206.52,19.01,3925.95,1.0,1
968,1,44,37.67,9.12,225.66,8500.61,0.2421,0
969,327,87,177.67,0.0,44.07,7829.92,0.0,0
970,340,217,59.94,59.94,51.71,3099.5,1.0,1
971,138,32,405.08,405.08,122.68,49695.21,1.0,1
972,188,109,474.11,0.0,181.63,86112.6,0.0,0
973,4,72,40.8,0.0,169.45,6913.56,0.0,0
974,369,197,477.78,0.0,48.73,23282.22,0.0,0
975,379,70,263.68,263.68,196662.24,51855899.44,1.0,1
976,191,206,153.29,153.29,122.88,18836.28,1.0,1
977,4,103,43.05,0.0,4805.96,206896.58,0.0,0
978,173,171,252.81,0.0,1895.85,479289.84,0.0,0
979,118,104,398.29,398.29,1729.62,688890.35,1.0,1
980,93,131,355.01,355.01,179.1,63582.29,1.0,1
981,3,197,29.86,29.86,47.25,1410.88,1.0,1
982,150,32,41.09,0.0,123.25,5064.34,0.0,0
983,165,128,204.42,71.55,198.31,40538.53,0.35,0
984,225,8,151.17,151.17,6433.13,972496.26,1.0,1
985,158,14,120.03,120.03,5004.38,600675.73,1.0,1
986,66,128,144.1,0.0,186.77,26913.56,0.0,0
987,295,249,402.72,0.0,6586.0,2652313.92,0.0,0
988,156,155,464.97,464.97,365.81,170090.68,1.0,1
989,152,40,205.53,205.53,2319.04,476632.29,1.0,1
990,106,160,453.52,0.0,271.72,123230.45,0.0,0
991,169,20,164.14,0.0,178610.95,29317201.33,0.0,0
992,96,134,240.84,240.84,21.29,5127.48,1.0,1
993,306,203,116.88,58.78,161951.74,18928919.37,0.5029,0
994,364,128,322.04,322.04,178.57,57506.68,1.0,1
995,324,67,489.6,0.0,5921.74,2899283.9,0.0,0
996,274,208,303.73,303.73,55.32,16802.34,1.0,1
997,114,140,182.12,182.12,1402.62,255445.15,1.0,1
998,298,196,325.67,325.67,3384.01,1102070.54,1.0,1
999,324,111,65.85,0.0,8116.65,534481.4,0.0,0
1000,166,31,444.89,444.89,219.06,97457.6,1.0,1
1001,342,81,254.03,254.03,22.93,5824.91,1.0,1
1002,73,114,227.43,0.0,28125.77,6396643.87,0.0,0
1003,116,9,295.0,295.0,2862.97,844576.15,1.0,1
1004,255,169,314.27,0.0,4845.25,1522716.72,0.0,0
1005,248,78,40.53,40.53,156595.38,6346810.75,1.0,1
1006,109,43,342.9,342.9,31.38,10760.2,1.0,1
1007,250,35,124.76,0.0,219.02,27324.94,0.0,0
1008,76,100,358.41,0.0,7144.16,2560538.39,0.0,0
1009,8,29,412.15,412.15,2998.37,1235778.2,1.0,1
1010,20,126,402.96,253.48,246853.15,99471945.32,0.629,0
1011,214,147,278.49,278.49,40.85,11376.32,1.0,1
1012,75,144,262.48,262.48,3.43,900.31,1.0,1
1013,41,130,75.72,75.72,42.42,3212.04,1.0,1
1014,108,68,388.8,0.0,91.36,35520.77,0.0,0
1015,287,249,139.35,139.35,6932.29,966014.61,1.0,1
1016,291,174,250.86,250.86,378.41,94927.93,1.0,1
1017,94,73,145.72,0.0,16.41,2391.27,0.0,0
1018,61,8,71.25,71.25,7286.67,519175.24,1.0,1
1019,198,33,316.63,316.63,222.49,70447.01,1.0,1
1020,137,90,31.89,0.0,24.83,791.83,0.0,0
1021,125,150,375.58,0.0,114.8,43116.58,0.0,0
1022,320,229,162.21,162.21,5048.6,818933.41,1.0,1
1023,400,98,5.07,0.0,1576.1,7990.83,0.0,0
1024,186,89,258.01,0.0,1277.93,329718.72,0.0,0
1025,317,106,28.19,0.0,89.37,2519.34,0.0,0
1026,133,170,141.7,0.0,32006.88,4535374.9,0.0,0
1027,338,61,354.95,0.0,262085.72,93027326.31,0.0,0
1028,381,152,36.03,0.0,185.04,6666.99,0.0,0
1029,23,177,420.47,0.0,52.64,22133.54,0.0,0
1030,311,79,6.89,6.89,205809.87,1418030.0,1.0,1
1031,29,44,127.18,0.0,178.53,22705.45,0.0,0
1032,189,84,371.75,0.0,150662.18,56008665.42,0.0,0
1033,77,169,161.55,161.55,4848.51,783276.79,1.0,1
1034,337,146,55.44,0.0,110.69,6136.65,0.0,0
1035,327,108,183.32,0.0,327.79,60090.46,0.0,0
1036,332,179,138.84,138.84,343.13,47640.17,1.0,1
1037,49,6,422.14,354.91,20.17,8514.56,0.8407,0
1038,308,100,160.11,160.11,6855.71,1097667.73,1.0,1
1039,100,26,395.52,395.52,6522.55,2579798.98,1.0,1
1040,309,26,446.48,0.0,6348.75,2834589.9,0.0,0
1041,178,53,219.74,0.0,367.36,80723.69,0.0,0
1042,296,129,455.42,455.42,7979.68,3634105.87,1.0,1
1043,14,171,191.77,0.0,1776.94,340763.78,0.0,0
1044,185,158,482.22,0.0,192.61,92880.39,0.0,0
1045,309,249,49.2,0.0,7033.7,346058.04,0.0,0
1046,209,128,345.07,0.0,184.91,63806.89,0.0,0
1047,393,250,249.44,249.44,5045.47,1258542.04,1.0,1
1048,190,216,196.89,0.0,58.36,11490.5,0.0,0
1049,273,55,318.19,0.0,220.43,70138.62,0.0,0
1050,125,13,353.41,0.0,105.41,37252.95,0.0,0
1051,130,147,7.16,7.16,40.17,287.62,1.0,1
1052,252,58,87.64,53.11,8156.18,714807.62,0.606,0
1053,17,184,357.96,357.96,8321.97,2978932.38,1.0,1
1054,375,25,334.86,0.0,212534.45,71169285.93,0.0,0
1055,209,70,483.19,0.0,165556.32,79995158.26,0.0,0
1056,102,206,381.71,208.11,116.6,44507.39,0.5452,0
1057,256,89,475.63,475.63,1223.3,581838.18,1.0,1
1058,80,167,352.76,352.76,1294.59,456679.57,1.0,1
1059,356,130,152.54,0.0,51.11,7796.32,0.0,0
1060,346,111,57.16,57.16,7724.12,441510.7,1.0,1
1061,88,81,392.0,392.0,19.57,7671.44,1.0,1
1062,46,103,323.85,323.85,4678.6,1515164.61,1.0,1
1063,254,132,28.85,0.0,170357.09,4914802.05,0.0,0
1064,130,196,183.22,183.22,3864.79,708106.82,1.0,1
1065,67,226,478.62,478.62,245.83,117659.15,1.0,1
1066,111,181,252.7,0.0,45.68,11543.34,0.0,0
1067,48,48,219.2,126.03,8.39,1839.09,0.575,0
1068,316,247,231.56,231.56,399.82,92582.32,1.0,1
1069,4,241,108.4,0.0,32.65,3539.26,0.0,0
1070,17,240,187.51,187.51,35875.64,6727041.26,1.0,1
1071,314,208,188.06,188.06,52.28,9831.78,1.0,1
1072,191,197,30.92,30.92,52.52,1623.92,1.0,1
1073,239,240,384.95,218.64,35781.1,13773934.44,0.568,0
1074,149,134,211.17,211.17,18.53,3912.98,1.0,1
1075,36,119,411.98,411.98,225.52,92909.73,1.0,1
1076,64,39,425.92,291.83,49.34,21014.89,0.6852,0
1077,37,217,109.94,0.0,45.46,4997.87,0.0,0
1078,248,82,330.39,330.39,70.2,23193.38,1.0,1
1079,373,234,238.78,238.78,56.14,13405.11,1.0,1
1080,399,53,440.68,0.0,414.96,182864.57,0.0,0
1081,251,69,111.79,0.0,40.51,4528.61,0.0,0
1082,24,166,340.52,340.52,3486.34,1187168.5,1.0,1
1083,258,176,305.84,305.84,104.79,32048.97,1.0,1
1084,281,104,151.17,0.0,1447.21,218774.74,0.0,0
1085,317,39,72.62,0.0,42.86,3112.49,0.0,0
1086,51,63,327.56,0.0,14.99,4910.12,0.0,0
1087,94,80,370.61,0.0,26.5,9821.17,0.0,0
1088,393,144,161.24,161.24,3.54,570.79,1.0,1
1089,316,109,324.19,324.19,178.34,57816.04,1.0,1
1090,303,10,200.59,0.0,7402.83,1484933.67,0.0,0
1091,323,70,358.04,358.04,168678.54,60393664.46,1.0,1
1092,176,67,103.61,0.0,6275.16,650169.33,0.0,0
1093,78,72,445.66,445.66,165.33,73680.97,1.0,1
1094,276,46,147.27,147.27,27691.47,4078122.79,1.0,1
1095,144,11,187.05,187.05,886.12,165748.75,1.0,1
1096,54,125,33.76,23.92,42.35,1429.74,0.7085,0
1097,360,230,60.2,0.0,60.62,3649.32,0.0,0
1098,195,155,260.35,102.5,313.18,81536.41,0.3937,0
1099,176,245,137.46,0.0,15.67,2154.0,0.0,0
1100,118,94,418.56,418.56,3157.01,1321398.11,1.0,1
1101,279,227,12.27,0.0,41.97,514.97,0.0,0
1102,76,242,192.65,0.0,205024.52,39497973.78,0.0,0
1103,75,216,171.99,171.99,49.05,8436.11,1.0,1
1104,140,29,14.57,0.0,2999.89,43708.4,0.0,0
1105,293,129,66.56,0.0,8199.41,545752.73,0.0,0
1106,111,134,209.75,0.0,20.79,4360.7,0.0,0
1107,333,149,248.97,203.48,31.38,7812.68,0.8173,0
1108,366,65,205.12,0.0,357.84,73400.14,0.0,0
1109,222,24,267.81,267.81,77717.74,20813587.95,1.0,1
1110,28,32,299.59,0.0,139.97,41933.61,0.0,0
1111,63,81,9.91,9.91,20.24,200.58,1.0,1
1112,119,150,234.73,159.43,139.46,32735.45,0.6792,0
1113,106,191,481.93,0.0,27.69,13344.64,0.0,0
1114,147,56,261.92,0.0,32.02,8386.68,0.0,0
1115,1,45,340.38,115.45,83.24,28333.23,0.3392,0
1116,256,105,159.37,159.37,314.9,50185.61,1.0,1
1117,152,151,388.13,388.13,40.15,15583.42,1.0,1
1118,75,137,387.6,387.6,55.58,21542.81,1.0,1
1119,8,243,263.04,263.04,45.84,12057.75,1.0,1
1120,343,140,488.13,0.0,1560.07,761516.97,0.0,0
1121,311,175,67.15,67.15,2354.11,158078.49,1.0,1
1122,96,72,13.39,13.39,173.9,2328.52,1.0,1
1123,289,240,386.23,0.0,31702.08,12244294.36,0.0,0
1124,264,122,404.54,0.0,7327.73,2964359.89,0.0,0
1125,216,211,64.5,0.0,288.19,18588.26,0.0,0
1126,155,166,136.46,0.0,4233.77,577740.25,0.0,0
1127,210,156,13.69,3.05,192.96,2641.62,0.2228,0
1128,200,205,150.19,150.19,367.43,55184.31,1.0,1
1129,221,177,387.71,308.75,61.34,23782.13,0.7963,0
1130,246,65,261.39,261.39,362.75,94819.22,1.0,1
1131,130,80,177.31,177.31,27.64,4900.85,1.0,1
1132,257,180,189.01,0.0,216.57,40933.9,0.0,0
1133,45,208,5.67,3.66,51.29,290.81,0.6455,0
1134,210,61,153.4,116.2,246068.96,37746978.46,0.7575,0
1135,27,233,325.0,325.0,232024.79,75408056.75,1.0,1
1136,335,238,487.23,487.23,192.91,93991.54,1.0,1
1137,52,66,424.3,424.3,130.96,55566.33,1.0,1
1138,350,240,16.68,0.0,37439.88,624497.2,0.0,0
1139,81,61,449.79,0.0,240451.74,108152788.13,0.0,0
1140,195,221,392.68,305.76,337.01,132337.09,0.7786,0
1141,40,162,391.29,391.29,78.62,30763.22,1.0,1
1142,229,208,231.71,231.71,54.17,12551.73,1.0,1
1143,335,105,202.01,202.01,358.61,72442.81,1.0,1
1144,264,71,154.94,0.0,366.59,56799.45,0.0,0
1145,211,211,37.52,37.52,322.94,12116.71,1.0,1
1146,281,126,117.98,0.0,234509.68,27667452.05,0.0,0
1147,103,106,127.07,0.0,102.38,13009.43,0.0,0
1148,147,86,244.62,0.0,242.54,59330.13,0.0,0
1149,243,225,374.98,0.0,140741.61,52775288.92,0.0,0
1150,29,26,239.54,0.0,6546.33,1568107.89,0.0,0
1151,373,179,33.63,33.63,325.53,10947.57,1.0,1
1152,84,17,479.11,205.4,92.43,44284.14,0.4287,0
1153,197,209,471.65,471.65,8266.94,3899102.25,1.0,1
1154,356,84,393.67,0.0,167888.33,66092598.87,0.0,0
1155,32,8,495.71,495.71,7584.91,3759915.74,1.0,1
1156,321,165,274.52,0.0,61.0,16745.72,0.0,0
1157,25,162,481.57,0.0,81.15,39079.41,0.0,0
1158,224,165,42.42,0.0,53.73,2279.23,0.0,0
1159,376,103,186.01,186.01,4616.42,858700.28,1.0,1
1160,167,79,116.56,0.0,216849.86,25276019.68,0.0,0
1161,148,22,101.94,0.0,129.36,13186.96,0.0,0
1162,284,64,74.7,74.7,39.87,2978.29,1.0,1
1163,330,249,313.09,313.09,7611.63,2383125.24,1.0,1
1164,107,167,391.75,391.75,1276.86,500209.9,1.0,1
1165,17,217,291.26,291.26,47.25,13762.04,1.0,1
1166,29,106,77.75,0.0,99.35,7724.46,0.0,0
1167,122,82,406.51,406.51,63.77,25923.14,1.0,1
1168,378,224,319.8,319.8,227.91,72885.62,1.0,1
1169,385,67,197.14,61.66,5994.05,1181667.02,0.3128,0
1170,39,84,338.69,0.0,182230.9,61719783.52,0.0,0
1171,291,51,133.65,133.65,17.86,2386.99,1.0,1
1172,213,95,175.87,175.87,51.66,9085.44,1.0,1
1173,76,225,459.16,0.0,123883.74,56882458.06,0.0,0
1174,211,214,148.8,148.8,176.72,26295.94,1.0,1
1175,100,58,237.64,237.64,6479.11,1539695.7,1.0,1
1176,251,6,445.62,0.0,22.93,10218.07,0.0,0
1177,72,166,355.32,0.0,3904.84,1387467.75,0.0,0
1178,300,59,35.79,35.79,44329.97,1586569.63,1.0,1
1179,167,250,77.92,0.0,4672.02,364043.8,0.0,0
1180,43,68,8.88,0.0,95.97,852.21,0.0,0
1181,256,44,317.31,317.31,180.02,57122.15,1.0,1
1182,144,159,226.6,226.6,1414.4,320503.04,1.0,1
1183,184,67,71.47,0.0,5359.67,383055.61,0.0,0
1184,267,246,479.18,479.18,352.57,168944.49,1.0,1
1185,354,243,267.18,267.18,51.44,13743.74,1.0,1
1186,67,4,124.74,124.74,280.73,35018.26,1.0,1
1187,73,112,252.8,0.0,179715.38,45432048.06,0.0,0
1188,161,238,341.41,0.0,170.81,58316.24,0.0,0
1189,136,173,42.74,42.74,82996.6,3547274.68,1.0,1
1190,64,58,140.98,93.58,6782.97,956263.11,0.6638,0
1191,400,221,404.45,0.0,329.36,133209.65,0.0,0
1192,178,69,232.53,0.0,35.6,8278.07,0.0,0
1193,141,127,275.56,275.56,257.26,70890.57,1.0,1
1194,127,111,219.24,0.0,8073.56,1770047.29,0.0,0
1195,397,154,26.73,26.73,208.78,5580.69,1.0,1
1196,130,211,87.05,87.05,286.33,24925.03,1.0,1
1197,149,49,225.54,225.54,5648.32,1273922.09,1.0,1
1198,306,105,108.55,77.62,296.47,32181.82,0.7151,0
1199,173,250,29.74,0.0,4441.29,132083.96,0.0,0
1200,291,159,422.61,422.61,1422.15,601014.81,1.0,1
