ShipmentID,ShipmentNumber,ProductionOrderID,CustomerID,ShippedQuantity,ShipmentDate,EstimatedArrivalDate,ActualArrivalDate,Carrier,TrackingNumber,Status
1,SHP-000001,362,25,415.29,2025-01-16,2025-01-28,2025-01-28,FedEx Freight,TRK658039282Ck,Delivered
2,SHP-000002,74,12,344.12,2025-03-25,2025-04-04,,UPS Supply Chain,TRK299275037oe,InTransit
3,SHP-000003,375,38,654.47,2025-01-10,2025-01-25,2025-01-25,Kuehne+Nagel,TRK453038567Dc,Delivered
4,SHP-000004,156,28,296.45,2024-07-04,2024-07-25,,DHL Aviation,TRK051844989ly,Cancelled
5,SHP-000005,105,29,25.32,2023-04-10,2023-04-25,,DHL Aviation,TRK659184638zw,Delayed
6,SHP-000006,395,4,3.12,2024-12-27,2025-01-10,,DB Schenker,TRK577908272oe,InTransit
7,SHP-000007,378,27,26.94,2024-04-27,2024-05-17,2024-05-17,DB Schenker,TRK843222591Qo,Delivered
8,SHP-000008,125,14,93.11,2023-07-21,2023-07-25,,Kuehne+Nagel,TRK651777392PA,Cancelled
9,SHP-000009,69,36,2.46,2024-08-28,2024-09-06,,FedEx Freight,TRK030299228cK,Cancelled
10,SHP-000010,451,34,326.26,2024-03-24,2024-04-09,2024-04-09,FedEx Freight,TRK202428699Ob,Delivered
11,SHP-000011,10,28,492.58,2024-09-20,2024-09-28,,Kuehne+Nagel,TRK413797723AM,InTransit
12,SHP-000012,195,15,222.39,2024-03-15,2024-03-30,,DB Schenker,TRK292984257ML,Preparing
13,SHP-000013,407,18,202.71,2024-07-30,2024-08-05,2024-08-06,Kuehne+Nagel,TRK136621038GR,Delivered
14,SHP-000014,85,33,97.51,2024-11-07,2024-11-24,,FedEx Freight,TRK629127990YI,Preparing
15,SHP-000015,372,2,27.01,2024-11-28,2024-12-01,2024-12-02,DHL Aviation,TRK811729806HA,Delivered
16,SHP-000016,389,38,1.82,2025-07-05,2025-07-08,2025-07-08,UPS Supply Chain,TRK508637659ZV,Delivered
17,SHP-000017,496,16,345.54,2024-05-22,2024-06-02,2024-06-04,DHL Aviation,TRK916247314MI,Delivered
18,SHP-000018,31,31,634.56,2023-05-18,2023-05-26,2023-05-26,Kuehne+Nagel,TRK643009818ay,Delivered
19,SHP-000019,317,9,19.7,2023-09-14,2023-09-22,2023-09-22,UPS Supply Chain,TRK356512694qI,Delivered
20,SHP-000020,409,5,5.77,2023-11-08,2023-11-23,,UPS Supply Chain,TRK695946368YJ,InTransit
21,SHP-000021,491,25,25.36,2025-07-11,2025-07-14,2025-07-14,DHL Aviation,TRK725887449wX,Delivered
22,SHP-000022,492,40,17.54,2024-05-04,2024-05-17,2024-05-22,DHL Aviation,TRK621372138zY,Delivered
23,SHP-000023,281,18,422.39,2023-03-08,2023-03-25,2023-03-25,DB Schenker,TRK589026012EM,Delivered
24,SHP-000024,357,35,218.51,2024-12-25,2025-01-10,,UPS Supply Chain,TRK611435190Uy,Preparing
25,SHP-000025,77,13,288.37,2023-10-30,2023-11-05,,DHL Aviation,TRK698490277am,InTransit
26,SHP-000026,462,2,478.78,2024-03-09,2024-03-12,,Kuehne+Nagel,TRK843098839kR,InTransit
27,SHP-000027,498,15,18.87,2024-09-05,2024-09-26,2024-10-01,Kuehne+Nagel,TRK053021465Qz,Delivered
28,SHP-000028,212,8,96.49,2025-05-02,2025-05-19,2025-05-19,FedEx Freight,TRK693801184UJ,Delivered
29,SHP-000029,102,21,447.41,2024-04-21,2024-05-04,2024-05-04,Kuehne+Nagel,TRK955439376Ka,Delivered
30,SHP-000030,335,9,167.69,2024-06-09,2024-06-29,2024-06-29,Kuehne+Nagel,TRK426818184vh,Delivered
31,SHP-000031,476,6,72.33,2025-04-08,2025-04-11,2025-04-11,DB Schenker,TRK848947697Xp,Delivered
32,SHP-000032,337,24,150.09,2023-06-16,2023-06-21,2023-06-26,UPS Supply Chain,TRK577907141yO,Delivered
33,SHP-000033,441,36,348.47,2024-01-30,2024-02-17,2024-02-19,UPS Supply Chain,TRK335658804ps,Delivered
34,SHP-000034,174,9,198.92,2025-05-21,2025-06-01,,FedEx Freight,TRK165182755nK,Cancelled
35,SHP-000035,3,23,98.45,2023-05-11,2023-06-05,,DHL Aviation,TRK423733343om,Delayed
36,SHP-000036,334,30,18.12,2023-11-25,2023-12-11,2023-12-11,DHL Aviation,TRK395211179aW,Delivered
37,SHP-000037,410,13,54.95,2023-03-11,2023-03-24,2023-03-29,DHL Aviation,TRK807595794Fl,Delivered
38,SHP-000038,71,37,41.77,2025-01-21,2025-02-06,,DB Schenker,TRK846392086EI,InTransit
39,SHP-000039,210,26,357.69,2025-03-18,2025-04-04,,Kuehne+Nagel,TRK085627187uS,Preparing
40,SHP-000040,64,7,45.48,2024-01-06,2024-01-27,2024-01-27,UPS Supply Chain,TRK003691559ql,Delivered
41,SHP-000041,385,12,13.23,2024-07-19,2024-07-28,,DHL Aviation,TRK843479552FB,Preparing
42,SHP-000042,94,13,612.76,2023-04-26,2023-05-10,2023-05-12,Kuehne+Nagel,TRK365564729iK,Delivered
43,SHP-000043,486,4,318.57,2025-08-28,2025-09-18,,Kuehne+Nagel,TRK314386632ZV,InTransit
44,SHP-000044,186,25,175.44,2025-11-21,2025-11-30,2025-11-30,UPS Supply Chain,TRK270267288Uu,Delivered
45,SHP-000045,34,35,146.33,2025-11-29,2025-12-03,2025-12-08,DB Schenker,TRK744890612dn,Delivered
46,SHP-000046,78,8,19.63,2025-07-08,2025-07-25,2025-07-25,DB Schenker,TRK471754558JZ,Delivered
47,SHP-000047,1,2,846.23,2024-07-28,2024-07-31,,DHL Aviation,TRK450615939KP,InTransit
48,SHP-000048,12,31,509.52,2024-07-19,2024-07-31,,Kuehne+Nagel,TRK824558771yN,Delayed
49,SHP-000049,416,33,85.13,2023-12-15,2023-12-31,2024-01-02,UPS Supply Chain,TRK472256996ef,Delivered
50,SHP-000050,23,35,25.26,2024-08-19,2024-08-30,2024-09-04,DHL Aviation,TRK253554496rC,Delivered
51,SHP-000051,73,14,14.12,2025-10-27,2025-11-08,,FedEx Freight,TRK598762202Up,Preparing
52,SHP-000052,183,2,36.63,2023-08-19,2023-09-17,,DHL Aviation,TRK413261117Jd,Delayed
53,SHP-000053,132,30,43.83,2023-08-08,2023-08-13,,FedEx Freight,TRK068114921Py,InTransit
54,SHP-000054,411,20,146.97,2024-02-09,2024-02-26,2024-02-26,FedEx Freight,TRK433472282bc,Delivered
55,SHP-000055,194,19,27.71,2025-08-02,2025-08-20,2025-08-25,DB Schenker,TRK557784872SI,Delivered
56,SHP-000056,56,7,46.56,2025-10-10,2025-10-17,,FedEx Freight,TRK299796884wE,Preparing
57,SHP-000057,149,25,12.21,2024-04-21,2024-04-27,2024-04-27,DHL Aviation,TRK831745642ta,Delivered
58,SHP-000058,19,26,167.79,2024-01-30,2024-02-03,,DHL Aviation,TRK082547807WE,InTransit
59,SHP-000059,205,6,189.41,2024-01-06,2024-01-22,2024-01-24,FedEx Freight,TRK406493085mA,Delivered
60,SHP-000060,79,11,628.34,2023-09-18,2023-09-23,,FedEx Freight,TRK866326634fB,InTransit
61,SHP-000061,495,5,8.47,2025-11-27,2025-12-03,2025-12-04,FedEx Freight,TRK389448463el,Delivered
62,SHP-000062,263,24,21.06,2024-07-15,2024-07-26,2024-07-31,Kuehne+Nagel,TRK241797497mu,Delivered
63,SHP-000063,324,26,227.03,2024-01-16,2024-02-02,,DB Schenker,TRK020802144iT,Preparing
64,SHP-000064,484,8,41.53,2025-10-25,2025-11-02,2025-11-03,Kuehne+Nagel,TRK703120735At,Delivered
65,SHP-000065,80,8,38.15,2025-12-25,2026-01-08,,UPS Supply Chain,TRK757051204Xz,Preparing
66,SHP-000066,40,22,251.3,2025-12-15,2025-12-29,,Kuehne+Nagel,TRK187234601XT,InTransit
67,SHP-000067,452,22,24.34,2023-03-14,2023-03-26,2023-03-26,UPS Supply Chain,TRK367303718Qn,Delivered
68,SHP-000068,47,39,126.37,2025-11-03,2025-11-10,2025-11-10,DB Schenker,TRK764520881qE,Delivered
69,SHP-000069,239,34,254.92,2023-03-24,2023-04-07,2023-04-07,FedEx Freight,TRK435031365ak,Delivered
70,SHP-000070,392,22,206.78,2024-03-20,2024-04-10,2024-04-12,DB Schenker,TRK491630097SM,Delivered
71,SHP-000071,353,29,3.9,2025-03-21,2025-03-24,,DHL Aviation,TRK251327195WO,Preparing
72,SHP-000072,342,5,428.33,2025-03-22,2025-04-04,2025-04-05,DB Schenker,TRK005281273uJ,Delivered
73,SHP-000073,278,14,90.07,2023-10-31,2023-11-14,,DHL Aviation,TRK573065240FT,InTransit
74,SHP-000074,291,35,19.38,2025-11-15,2025-11-28,2025-11-28,UPS Supply Chain,TRK784873928wu,Delivered
75,SHP-000075,318,36,17.98,2024-03-15,2024-03-31,2024-04-01,FedEx Freight,TRK749821827sq,Delivered
76,SHP-000076,305,15,512.77,2024-09-19,2024-09-25,2024-09-26,DHL Aviation,TRK857086209xX,Delivered
77,SHP-000077,269,36,326.46,2023-03-04,2023-03-21,,DB Schenker,TRK935186387XJ,Preparing
78,SHP-000078,70,5,28.89,2024-04-14,2024-04-20,2024-04-25,DB Schenker,TRK294565118Qe,Delivered
79,SHP-000079,456,8,51.2,2024-11-25,2024-12-03,,UPS Supply Chain,TRK022031731cK,InTransit
80,SHP-000080,466,37,693.81,2024-08-30,2024-09-13,2024-09-13,UPS Supply Chain,TRK678994053MT,Delivered
81,SHP-000081,155,23,56.16,2023-07-24,2023-08-01,2023-08-01,FedEx Freight,TRK103717058VA,Delivered
82,SHP-000082,83,18,9.98,2023-11-28,2023-12-22,,DHL Aviation,TRK509480141nH,Delayed
83,SHP-000083,478,34,93.6,2024-04-21,2024-04-25,2024-04-25,UPS Supply Chain,TRK113863383KO,Delivered
84,SHP-000084,173,23,485.53,2025-06-16,2025-06-22,,UPS Supply Chain,TRK288619576gk,InTransit
85,SHP-000085,322,3,56.88,2023-02-06,2023-02-13,2023-02-18,DB Schenker,TRK286852897wu,Delivered
86,SHP-000086,91,32,25.59,2024-01-30,2024-02-06,2024-02-06,FedEx Freight,TRK855665939In,Delivered
87,SHP-000087,181,36,6.31,2025-02-21,2025-03-05,,DB Schenker,TRK684577600sM,Preparing
88,SHP-000088,415,34,21.37,2023-10-17,2023-10-29,,UPS Supply Chain,TRK082404335bX,Preparing
89,SHP-000089,313,31,349.28,2023-07-27,2023-08-09,,DHL Aviation,TRK488899210Dw,Preparing
90,SHP-000090,279,6,35.68,2023-01-31,2023-02-18,2023-02-23,Kuehne+Nagel,TRK224593344fK,Delivered
91,SHP-000091,382,8,117.52,2023-03-07,2023-03-18,,DB Schenker,TRK693157279gM,InTransit
92,SHP-000092,473,39,225.64,2023-04-08,2023-04-26,,DHL Aviation,TRK409610556Ah,InTransit
93,SHP-000093,363,27,186.8,2025-07-12,2025-07-23,,DHL Aviation,TRK390604805IK,Cancelled
94,SHP-000094,325,7,18.45,2023-12-30,2024-01-16,,FedEx Freight,TRK258320679KG,Cancelled
95,SHP-000095,432,2,46.92,2024-03-30,2024-04-08,,UPS Supply Chain,TRK136462251EK,InTransit
96,SHP-000096,348,28,4.64,2025-08-26,2025-09-11,,UPS Supply Chain,TRK086416862Wi,Delayed
97,SHP-000097,87,38,219.03,2024-07-04,2024-07-25,,Kuehne+Nagel,TRK783769389VH,Preparing
98,SHP-000098,76,12,290.3,2024-12-06,2024-12-18,,UPS Supply Chain,TRK331465911QA,Cancelled
99,SHP-000099,439,38,1.76,2025-05-14,2025-05-28,2025-06-02,DHL Aviation,TRK655355904kw,Delivered
100,SHP-000100,16,27,17.77,2023-10-16,2023-10-27,,DB Schenker,TRK979270335jW,InTransit
101,SHP-000101,250,31,31.13,2024-04-18,2024-04-30,2024-05-05,Kuehne+Nagel,TRK110392405SZ,Delivered
102,SHP-000102,434,34,85.06,2025-12-11,2025-12-24,,DB Schenker,TRK147705383nI,Preparing
103,SHP-000103,20,6,135.15,2023-04-10,2023-04-12,,UPS Supply Chain,TRK848792069QH,Preparing
104,SHP-000104,323,31,615.62,2023-05-17,2023-05-21,2023-05-22,UPS Supply Chain,TRK042043940DP,Delivered
105,SHP-000105,333,19,362.18,2025-11-14,2025-11-30,,UPS Supply Chain,TRK016451046oy,InTransit
106,SHP-000106,57,17,97.06,2024-04-13,2024-04-19,2024-04-19,Kuehne+Nagel,TRK815798123GD,Delivered
107,SHP-000107,302,18,1.43,2025-06-03,2025-06-12,,Kuehne+Nagel,TRK800384576Vk,Cancelled
108,SHP-000108,230,33,16.04,2025-09-04,2025-09-21,,FedEx Freight,TRK055543840Oq,Delayed
109,SHP-000109,332,20,44.61,2024-10-05,2024-10-16,,DB Schenker,TRK608432562fU,Delayed
110,SHP-000110,133,14,37.31,2024-12-25,2025-01-09,2025-01-09,UPS Supply Chain,TRK689363926tM,Delivered
111,SHP-000111,138,28,202.92,2025-12-19,2026-01-05,2026-01-07,DB Schenker,TRK578232983it,Delivered
112,SHP-000112,424,22,9.93,2025-01-19,2025-01-26,2025-01-27,DB Schenker,TRK826292518IU,Delivered
113,SHP-000113,336,40,645.6,2025-12-26,2025-12-31,2025-12-31,FedEx Freight,TRK125205664CV,Delivered
114,SHP-000114,26,6,178.72,2023-07-23,2023-07-29,2023-07-29,DHL Aviation,TRK423122099rM,Delivered
115,SHP-000115,465,23,18.89,2025-12-09,2025-12-29,,Kuehne+Nagel,TRK993933051SX,Delayed
116,SHP-000116,282,38,59.65,2025-12-16,2026-01-09,,UPS Supply Chain,TRK728975267Ei,Delayed
117,SHP-000117,248,29,21.6,2024-04-16,2024-04-19,2024-04-24,DB Schenker,TRK233060463VQ,Delivered
118,SHP-000118,238,34,630.41,2025-04-11,2025-04-19,,FedEx Freight,TRK331279757pB,InTransit
119,SHP-000119,118,36,278.05,2025-03-01,2025-03-08,2025-03-10,UPS Supply Chain,TRK609656999IH,Delivered
120,SHP-000120,43,29,131.62,2024-09-17,2024-09-26,2024-09-27,Kuehne+Nagel,TRK081770388zV,Delivered
121,SHP-000121,221,10,167.21,2023-08-12,2023-08-27,2023-08-28,DHL Aviation,TRK086803476tX,Delivered
122,SHP-000122,177,21,121.17,2024-12-25,2024-12-29,2024-12-29,Kuehne+Nagel,TRK472649082DP,Delivered
123,SHP-000123,321,5,19.4,2025-05-18,2025-05-24,,UPS Supply Chain,TRK718129826Au,InTransit
124,SHP-000124,154,25,27.55,2024-01-11,2024-02-10,,UPS Supply Chain,TRK702793714uS,Delayed
125,SHP-000125,232,23,18.96,2023-11-07,2023-11-13,2023-11-13,Kuehne+Nagel,TRK211175186UY,Delivered
126,SHP-000126,228,7,477.9,2024-02-21,2024-03-13,,Kuehne+Nagel,TRK892686025KQ,InTransit
127,SHP-000127,418,34,15.58,2024-04-18,2024-05-08,,UPS Supply Chain,TRK222206447sO,Preparing
128,SHP-000128,204,16,47.96,2025-12-18,2026-01-02,2026-01-02,Kuehne+Nagel,TRK212309407FF,Delivered
129,SHP-000129,127,13,23.42,2023-12-09,2023-12-29,,DHL Aviation,TRK809733977AC,Cancelled
130,SHP-000130,330,28,37.34,2024-01-14,2024-01-19,,Kuehne+Nagel,TRK199038498nd,InTransit
131,SHP-000131,32,7,10.33,2024-11-15,2024-11-20,2024-11-21,UPS Supply Chain,TRK220502099tv,Delivered
132,SHP-000132,114,20,705.85,2025-09-04,2025-09-17,2025-09-17,DHL Aviation,TRK101622499KY,Delivered
133,SHP-000133,471,15,171.5,2025-01-16,2025-01-20,2025-01-22,DHL Aviation,TRK827950145xy,Delivered
134,SHP-000134,272,26,351.98,2025-10-23,2025-11-13,2025-11-13,FedEx Freight,TRK168147214vH,Delivered
135,SHP-000135,141,19,39.77,2023-12-13,2023-12-22,2023-12-24,UPS Supply Chain,TRK683390198fE,Delivered
136,SHP-000136,58,16,49.8,2024-06-15,2024-07-03,,FedEx Freight,TRK946954899wi,Delayed
137,SHP-000137,193,8,306.64,2024-12-16,2025-01-05,2025-01-06,UPS Supply Chain,TRK997877293Ts,Delivered
138,SHP-000138,25,2,95.23,2025-06-20,2025-07-07,2025-07-09,FedEx Freight,TRK301071396Ac,Delivered
139,SHP-000139,18,10,224.61,2023-07-19,2023-08-01,2023-08-03,DB Schenker,TRK558303441tt,Delivered
140,SHP-000140,266,38,233.54,2025-08-17,2025-08-30,2025-09-01,Kuehne+Nagel,TRK885015569Nb,Delivered
141,SHP-000141,67,23,70.73,2025-05-25,2025-06-04,2025-06-09,FedEx Freight,TRK235577027jO,Delivered
142,SHP-000142,209,7,118.57,2024-07-20,2024-08-06,2024-08-08,Kuehne+Nagel,TRK785760849UR,Delivered
143,SHP-000143,480,5,90.63,2025-07-06,2025-07-15,2025-07-17,UPS Supply Chain,TRK588039551jr,Delivered
144,SHP-000144,95,35,189.35,2023-10-15,2023-10-27,,DB Schenker,TRK056829962Mh,InTransit
145,SHP-000145,254,31,155.98,2025-07-05,2025-07-11,2025-07-11,DHL Aviation,TRK450461735Ct,Delivered
146,SHP-000146,267,5,12.71,2025-08-18,2025-09-01,2025-09-06,Kuehne+Nagel,TRK384215031CG,Delivered
147,SHP-000147,24,38,81.95,2023-02-07,2023-02-20,2023-02-20,FedEx Freight,TRK078235784Xu,Delivered
148,SHP-000148,223,21,332.17,2024-12-30,2025-01-04,2025-01-05,Kuehne+Nagel,TRK218230768ha,Delivered
149,SHP-000149,262,21,11.26,2023-10-05,2023-10-28,,FedEx Freight,TRK409157018XQ,Delayed
150,SHP-000150,427,2,177.3,2024-10-19,2024-10-23,2024-10-25,UPS Supply Chain,TRK409435334rI,Delivered
151,SHP-000151,6,37,10.59,2023-10-02,2023-10-21,,UPS Supply Chain,TRK571422410NJ,Preparing
152,SHP-000152,117,5,69.91,2025-08-12,2025-08-24,2025-08-24,DHL Aviation,TRK813858542TZ,Delivered
153,SHP-000153,46,15,337.92,2025-02-25,2025-03-11,2025-03-11,DHL Aviation,TRK493214958Cd,Delivered
154,SHP-000154,17,39,284.0,2024-01-04,2024-01-12,,DHL Aviation,TRK207016016zl,Delayed
155,SHP-000155,463,40,16.42,2023-06-24,2023-07-08,2023-07-08,DHL Aviation,TRK997954538fW,Delivered
156,SHP-000156,358,12,23.53,2025-12-13,2026-01-03,2026-01-08,FedEx Freight,TRK792171747Eo,Delivered
157,SHP-000157,4,30,143.4,2025-04-03,2025-04-18,,DB Schenker,TRK329456255DF,InTransit
158,SHP-000158,219,38,140.42,2025-07-24,2025-08-13,,Kuehne+Nagel,TRK017157724Xw,Delayed
159,SHP-000159,406,29,14.63,2023-07-21,2023-07-26,2023-07-28,FedEx Freight,TRK992816158Pe,Delivered
160,SHP-000160,61,4,15.62,2023-05-02,2023-05-08,2023-05-09,UPS Supply Chain,TRK487696393Jk,Delivered
161,SHP-000161,111,30,11.98,2024-10-01,2024-10-22,,DHL Aviation,TRK761539669Yv,Preparing
162,SHP-000162,319,25,63.6,2023-05-04,2023-05-25,,DB Schenker,TRK832197199Du,InTransit
163,SHP-000163,429,17,654.66,2025-06-09,2025-06-20,,DB Schenker,TRK817246191RM,InTransit
164,SHP-000164,30,33,74.74,2023-11-03,2023-11-16,2023-11-17,FedEx Freight,TRK657013290Wj,Delivered
165,SHP-000165,438,32,177.29,2023-07-05,2023-08-03,,Kuehne+Nagel,TRK278469973nR,Delayed
166,SHP-000166,472,27,622.89,2025-06-10,2025-06-21,2025-06-26,Kuehne+Nagel,TRK549465190NG,Delivered
167,SHP-000167,27,6,29.6,2023-04-30,2023-05-06,,FedEx Freight,TRK624058008wh,InTransit
168,SHP-000168,8,6,517.28,2025-06-04,2025-06-11,,Kuehne+Nagel,TRK403696566yB,Preparing
169,SHP-000169,454,32,112.58,2024-12-31,2025-01-19,,DHL Aviation,TRK832723865Aj,InTransit
170,SHP-000170,109,25,680.19,2025-12-03,2025-12-05,2025-12-06,DB Schenker,TRK422010276if,Delivered
171,SHP-000171,38,36,37.5,2024-09-26,2024-10-14,2024-10-14,DHL Aviation,TRK267969278BJ,Delivered
172,SHP-000172,158,17,49.2,2024-12-13,2024-12-30,2024-12-30,DB Schenker,TRK765326909FU,Delivered
173,SHP-000173,490,13,26.33,2023-12-19,2024-01-07,,FedEx Freight,TRK384689500KE,Preparing
174,SHP-000174,119,29,241.03,2024-02-14,2024-02-25,2024-02-26,DHL Aviation,TRK519712847Hf,Delivered
175,SHP-000175,115,28,93.16,2025-06-18,2025-07-04,2025-07-04,Kuehne+Nagel,TRK891371894Nd,Delivered
176,SHP-000176,176,13,85.7,2024-12-13,2024-12-16,2024-12-18,DHL Aviation,TRK580778795Aw,Delivered
177,SHP-000177,374,25,22.67,2023-09-14,2023-10-03,,DB Schenker,TRK442094940OE,InTransit
178,SHP-000178,182,16,609.53,2024-06-19,2024-07-08,2024-07-08,Kuehne+Nagel,TRK929049047fi,Delivered
179,SHP-000179,145,33,42.06,2023-08-14,2023-08-23,2023-08-23,DHL Aviation,TRK814429444aV,Delivered
180,SHP-000180,370,36,504.46,2024-12-04,2024-12-12,,DB Schenker,TRK192927524YS,Cancelled
181,SHP-000181,391,14,176.31,2025-06-14,2025-06-17,2025-06-17,UPS Supply Chain,TRK372805129jF,Delivered
182,SHP-000182,196,11,794.43,2023-03-21,2023-04-07,2023-04-08,DHL Aviation,TRK663723950Pq,Delivered
183,SHP-000183,405,9,724.19,2024-03-02,2024-03-05,2024-03-10,FedEx Freight,TRK102767478oy,Delivered
184,SHP-000184,276,36,258.12,2024-08-12,2024-08-21,,Kuehne+Nagel,TRK674286047yR,InTransit
185,SHP-000185,455,1,7.06,2025-09-25,2025-09-30,2025-10-02,Kuehne+Nagel,TRK580185694vr,Delivered
186,SHP-000186,142,16,3.55,2023-09-29,2023-10-08,,DHL Aviation,TRK414967393Hv,Cancelled
187,SHP-000187,366,34,88.24,2025-09-14,2025-10-02,2025-10-07,DHL Aviation,TRK258001061Hg,Delivered
188,SHP-000188,68,24,7.01,2025-08-30,2025-09-14,2025-09-16,DHL Aviation,TRK753443009fd,Delivered
189,SHP-000189,211,35,21.79,2024-09-01,2024-09-07,2024-09-07,Kuehne+Nagel,TRK939111926QW,Delivered
190,SHP-000190,169,1,30.26,2023-02-28,2023-03-09,2023-03-09,UPS Supply Chain,TRK921244717rX,Delivered
191,SHP-000191,494,35,45.7,2023-02-14,2023-02-17,2023-02-17,UPS Supply Chain,TRK654214066vd,Delivered
192,SHP-000192,376,12,143.73,2023-06-23,2023-07-10,,Kuehne+Nagel,TRK442717396lP,InTransit
193,SHP-000193,401,24,45.12,2025-12-24,2026-01-12,2026-01-13,Kuehne+Nagel,TRK712863917Tq,Delivered
194,SHP-000194,273,33,294.36,2024-08-29,2024-09-26,,Kuehne+Nagel,TRK101194707jP,Delayed
195,SHP-000195,110,31,106.24,2025-07-24,2025-08-07,2025-08-08,FedEx Freight,TRK006425690GT,Delivered
196,SHP-000196,249,3,15.62,2024-02-26,2024-03-20,,FedEx Freight,TRK776618306SX,Delayed
197,SHP-000197,146,39,49.05,2025-03-21,2025-04-08,2025-04-08,UPS Supply Chain,TRK719855460OP,Delivered
198,SHP-000198,93,18,898.63,2023-12-18,2023-12-26,,DHL Aviation,TRK158517432Jc,InTransit
199,SHP-000199,153,24,437.34,2024-03-05,2024-03-13,2024-03-13,DB Schenker,TRK634615717Vm,Delivered
200,SHP-000200,368,25,176.19,2024-12-01,2024-12-04,2024-12-04,DB Schenker,TRK203093761YI,Delivered
201,SHP-000201,468,12,386.9,2025-07-25,2025-07-27,,DHL Aviation,TRK478700505YU,InTransit
202,SHP-000202,84,31,54.75,2025-08-11,2025-08-14,2025-08-14,DB Schenker,TRK061387829oe,Delivered
203,SHP-000203,246,10,45.88,2023-02-12,2023-02-24,,DB Schenker,TRK027079032al,Preparing
204,SHP-000204,166,13,107.18,2024-07-08,2024-07-18,,DB Schenker,TRK041792911hF,InTransit
205,SHP-000205,164,27,14.56,2023-01-24,2023-01-28,,UPS Supply Chain,TRK993136565hR,Cancelled
206,SHP-000206,200,10,128.48,2023-07-12,2023-08-10,,DB Schenker,TRK982530925eh,Delayed
207,SHP-000207,229,35,290.01,2023-07-29,2023-08-13,2023-08-13,DHL Aviation,TRK426258273Lc,Delivered
208,SHP-000208,75,19,36.73,2023-01-17,2023-01-19,,UPS Supply Chain,TRK219620710al,InTransit
209,SHP-000209,479,40,26.05,2025-07-20,2025-07-26,2025-07-31,Kuehne+Nagel,TRK194672324HC,Delivered
210,SHP-000210,359,28,385.19,2023-07-25,2023-08-04,2023-08-04,Kuehne+Nagel,TRK632909279fO,Delivered
211,SHP-000211,251,9,94.01,2025-11-24,2025-12-07,2025-12-12,Kuehne+Nagel,TRK456083318gN,Delivered
212,SHP-000212,120,30,1.7,2023-08-18,2023-09-07,,FedEx Freight,TRK588373403hY,InTransit
213,SHP-000213,311,11,71.16,2025-03-12,2025-03-19,,DB Schenker,TRK277220054nB,Cancelled
214,SHP-000214,300,5,3.76,2023-11-21,2023-12-07,,UPS Supply Chain,TRK459701082kY,InTransit
215,SHP-000215,256,28,164.91,2025-04-18,2025-04-24,,DHL Aviation,TRK078113799uA,InTransit
216,SHP-000216,355,37,13.85,2024-10-24,2024-11-14,,Kuehne+Nagel,TRK353153136my,InTransit
217,SHP-000217,400,26,54.26,2025-04-27,2025-05-11,,UPS Supply Chain,TRK317970623ND,Preparing
218,SHP-000218,226,25,49.7,2025-06-09,2025-06-17,,FedEx Freight,TRK265273543vi,Preparing
219,SHP-000219,354,35,42.07,2024-09-18,2024-09-30,2024-10-01,DHL Aviation,TRK090421776kW,Delivered
220,SHP-000220,235,36,11.6,2023-09-28,2023-10-05,,UPS Supply Chain,TRK534929298of,InTransit
221,SHP-000221,383,9,122.28,2023-02-13,2023-03-05,2023-03-07,FedEx Freight,TRK687397740UB,Delivered
222,SHP-000222,275,33,465.35,2024-09-27,2024-09-29,2024-09-29,Kuehne+Nagel,TRK335693929aA,Delivered
223,SHP-000223,37,11,192.13,2025-07-09,2025-07-25,2025-07-25,DB Schenker,TRK007806867ZZ,Delivered
224,SHP-000224,197,26,51.97,2024-09-02,2024-09-28,,FedEx Freight,TRK177318063iw,Delayed
225,SHP-000225,140,22,52.64,2023-04-01,2023-04-17,2023-04-17,UPS Supply Chain,TRK431074279VL,Delivered
226,SHP-000226,365,16,235.21,2024-12-27,2025-01-02,2025-01-02,DB Schenker,TRK077262570Oe,Delivered
227,SHP-000227,245,12,27.55,2024-06-04,2024-06-07,,Kuehne+Nagel,TRK658046498KY,InTransit
228,SHP-000228,440,4,334.13,2024-06-13,2024-06-17,2024-06-17,DB Schenker,TRK319508501yx,Delivered
229,SHP-000229,287,39,240.98,2023-02-12,2023-03-12,,UPS Supply Chain,TRK790552818TX,Delayed
230,SHP-000230,60,5,101.38,2025-11-18,2025-12-01,2025-12-01,UPS Supply Chain,TRK325381793WV,Delivered
231,SHP-000231,112,16,537.48,2023-01-29,2023-02-13,,UPS Supply Chain,TRK355486401xw,Delayed
232,SHP-000232,90,30,367.52,2023-05-08,2023-05-16,,DHL Aviation,TRK778817884CN,InTransit
233,SHP-000233,437,10,31.34,2024-09-28,2024-10-07,2024-10-07,DHL Aviation,TRK513711624eg,Delivered
234,SHP-000234,7,38,37.88,2025-03-14,2025-03-29,,Kuehne+Nagel,TRK241272380sA,InTransit
235,SHP-000235,361,38,531.46,2024-11-25,2024-12-23,,DHL Aviation,TRK827567043eb,Delayed
236,SHP-000236,347,34,39.88,2024-03-31,2024-04-03,2024-04-05,FedEx Freight,TRK385695579QS,Delivered
237,SHP-000237,339,7,792.52,2024-12-10,2024-12-21,2024-12-26,UPS Supply Chain,TRK887749242Yq,Delivered
238,SHP-000238,159,6,14.07,2024-10-27,2024-11-06,2024-11-11,DHL Aviation,TRK375402547kN,Delivered
239,SHP-000239,151,5,77.99,2024-06-13,2024-06-29,2024-06-30,UPS Supply Chain,TRK284222231cu,Delivered
240,SHP-000240,178,23,9.53,2023-10-17,2023-11-05,,Kuehne+Nagel,TRK927452380Qu,InTransit
241,SHP-000241,394,5,238.43,2024-08-03,2024-08-20,,UPS Supply Chain,TRK525782841bz,InTransit
242,SHP-000242,185,22,24.36,2025-02-20,2025-03-06,2025-03-06,DB Schenker,TRK727520885PT,Delivered
243,SHP-000243,450,4,38.05,2024-03-21,2024-03-30,2024-04-04,UPS Supply Chain,TRK474929751UE,Delivered
244,SHP-000244,11,10,763.96,2025-02-11,2025-02-14,2025-02-14,FedEx Freight,TRK028140693Cw,Delivered
245,SHP-000245,381,39,44.68,2023-02-13,2023-03-09,,DB Schenker,TRK150939834mb,Delayed
246,SHP-000246,104,14,301.62,2025-06-12,2025-06-30,2025-07-05,DHL Aviation,TRK187186375MM,Delivered
247,SHP-000247,82,13,485.89,2025-11-25,2025-11-28,2025-11-28,DHL Aviation,TRK805626565as,Delivered
248,SHP-000248,39,22,9.83,2025-08-14,2025-08-25,2025-08-30,DB Schenker,TRK554781376ZC,Delivered
249,SHP-000249,315,28,21.31,2023-02-25,2023-03-02,2023-03-03,FedEx Freight,TRK426629912nt,Delivered
250,SHP-000250,168,18,2.97,2024-12-28,2025-01-09,2025-01-10,UPS Supply Chain,TRK785196106Or,Delivered
251,SHP-000251,470,11,25.39,2024-02-27,2024-03-05,,UPS Supply Chain,TRK628792326sJ,InTransit
252,SHP-000252,297,22,112.76,2025-12-29,2026-01-01,,FedEx Freight,TRK704947873bY,InTransit
253,SHP-000253,475,19,7.47,2024-09-28,2024-10-06,,Kuehne+Nagel,TRK024471462FS,Preparing
254,SHP-000254,199,20,36.49,2023-07-02,2023-07-14,,DHL Aviation,TRK301471959EK,Delayed
255,SHP-000255,298,28,14.9,2025-09-23,2025-10-10,,UPS Supply Chain,TRK647158904kL,Preparing
256,SHP-000256,417,25,31.9,2024-01-30,2024-02-17,,UPS Supply Chain,TRK025725204xA,Delayed
257,SHP-000257,147,31,38.55,2023-12-11,2023-12-29,,DB Schenker,TRK504481832Wg,Delayed
258,SHP-000258,393,19,315.96,2024-09-24,2024-10-10,,DB Schenker,TRK928554451IL,InTransit
259,SHP-000259,148,33,102.38,2025-12-04,2025-12-24,,DB Schenker,TRK520284576vk,InTransit
260,SHP-000260,448,36,142.54,2024-05-01,2024-05-10,,FedEx Freight,TRK132833898IT,InTransit
261,SHP-000261,288,26,46.09,2023-07-11,2023-07-31,2023-08-02,UPS Supply Chain,TRK816711207wt,Delivered
262,SHP-000262,124,1,201.13,2023-07-20,2023-08-02,2023-08-07,Kuehne+Nagel,TRK527985240Vh,Delivered
263,SHP-000263,369,9,375.06,2023-08-01,2023-08-12,,FedEx Freight,TRK322342321BS,InTransit
264,SHP-000264,97,10,340.49,2025-03-23,2025-03-26,2025-03-26,Kuehne+Nagel,TRK110760310YQ,Delivered
265,SHP-000265,144,14,6.81,2023-03-02,2023-03-21,,DHL Aviation,TRK890714014Qa,Cancelled
266,SHP-000266,240,4,94.53,2023-08-10,2023-08-29,2023-08-29,UPS Supply Chain,TRK119393250fj,Delivered
267,SHP-000267,443,28,144.84,2023-03-10,2023-03-12,2023-03-17,UPS Supply Chain,TRK495528938Ke,Delivered
268,SHP-000268,98,36,184.38,2023-09-23,2023-10-08,2023-10-09,Kuehne+Nagel,TRK190833428aU,Delivered
269,SHP-000269,408,36,279.3,2025-03-25,2025-03-27,2025-03-29,FedEx Freight,TRK138759271lw,Delivered
270,SHP-000270,123,2,70.13,2024-05-16,2024-05-23,2024-05-23,FedEx Freight,TRK663836151Dh,Delivered
271,SHP-000271,184,31,191.32,2025-10-22,2025-10-30,,UPS Supply Chain,TRK827548015Fh,InTransit
272,SHP-000272,203,22,12.8,2023-05-23,2023-06-21,,DHL Aviation,TRK647947386sB,Delayed
273,SHP-000273,247,24,1.13,2025-09-21,2025-09-25,,FedEx Freight,TRK317520716CH,InTransit
274,SHP-000274,306,15,391.53,2024-10-12,2024-10-15,2024-10-20,UPS Supply Chain,TRK112669121xm,Delivered
275,SHP-000275,299,23,355.39,2024-11-18,2024-11-25,,FedEx Freight,TRK539613674WT,InTransit
276,SHP-000276,352,27,10.33,2025-08-25,2025-09-10,,FedEx Freight,TRK994657967Gr,Preparing
277,SHP-000277,387,18,3.26,2025-06-03,2025-06-08,,DB Schenker,TRK271147732bg,InTransit
278,SHP-000278,396,39,8.68,2024-07-14,2024-07-16,2024-07-18,DB Schenker,TRK017026952tN,Delivered
279,SHP-000279,285,32,20.3,2023-10-07,2023-10-25,,Kuehne+Nagel,TRK911877347FG,InTransit
280,SHP-000280,126,7,591.89,2023-04-05,2023-04-24,,DHL Aviation,TRK485880061yC,Delayed
281,SHP-000281,303,32,53.77,2023-12-25,2024-01-11,,DB Schenker,TRK567700284Tk,InTransit
282,SHP-000282,224,8,12.7,2024-04-14,2024-04-24,2024-04-24,DB Schenker,TRK762467197QJ,Delivered
283,SHP-000283,419,8,428.65,2024-07-18,2024-08-07,2024-08-07,Kuehne+Nagel,TRK897782806qF,Delivered
284,SHP-000284,220,25,83.43,2023-07-03,2023-07-22,,FedEx Freight,TRK969545009ci,InTransit
285,SHP-000285,130,13,75.85,2023-04-10,2023-04-30,2023-05-01,UPS Supply Chain,TRK559056165wA,Delivered
286,SHP-000286,421,18,9.32,2025-08-26,2025-09-11,,FedEx Freight,TRK503334911th,InTransit
287,SHP-000287,290,6,33.0,2025-05-13,2025-05-18,,Kuehne+Nagel,TRK520850769GA,Cancelled
288,SHP-000288,445,36,141.09,2025-09-16,2025-09-25,,FedEx Freight,TRK407905696uK,InTransit
289,SHP-000289,377,32,66.38,2024-07-12,2024-07-23,2024-07-25,UPS Supply Chain,TRK171357852Nt,Delivered
290,SHP-000290,292,29,370.79,2024-01-09,2024-02-06,,FedEx Freight,TRK563718344dt,Delayed
291,SHP-000291,356,8,71.13,2024-03-14,2024-03-17,,FedEx Freight,TRK963919195re,InTransit
292,SHP-000292,295,19,21.31,2025-09-11,2025-09-20,,Kuehne+Nagel,TRK987635148Zt,Preparing
293,SHP-000293,397,37,41.44,2024-04-03,2024-04-22,2024-04-24,FedEx Freight,TRK685366498DQ,Delivered
294,SHP-000294,341,7,110.43,2024-02-12,2024-02-27,,DB Schenker,TRK820829737rO,InTransit
295,SHP-000295,113,6,33.38,2025-10-01,2025-10-09,2025-10-10,FedEx Freight,TRK896908357jp,Delivered
296,SHP-000296,180,37,150.1,2023-12-01,2023-12-07,,UPS Supply Chain,TRK246651364sP,InTransit
297,SHP-000297,308,9,598.32,2023-06-28,2023-07-07,2023-07-08,DHL Aviation,TRK249363123bp,Delivered
298,SHP-000298,433,25,55.25,2025-04-09,2025-04-17,2025-04-19,Kuehne+Nagel,TRK477866032ri,Delivered
299,SHP-000299,488,36,588.71,2023-04-23,2023-05-18,,Kuehne+Nagel,TRK044820700fu,Delayed
300,SHP-000300,482,17,63.53,2024-01-06,2024-01-12,2024-01-12,Kuehne+Nagel,TRK941651623hK,Delivered
301,SHP-000301,423,20,81.66,2023-05-22,2023-05-29,2023-05-29,DB Schenker,TRK818984713Mh,Delivered
302,SHP-000302,234,6,60.26,2025-08-02,2025-08-13,2025-08-15,FedEx Freight,TRK559636321ln,Delivered
303,SHP-000303,312,27,34.16,2024-02-09,2024-02-16,2024-02-21,Kuehne+Nagel,TRK476490785Sh,Delivered
304,SHP-000304,165,13,143.0,2025-01-14,2025-01-21,2025-01-22,DHL Aviation,TRK586734257Tx,Delivered
305,SHP-000305,137,33,74.32,2025-10-04,2025-10-08,2025-10-10,DB Schenker,TRK409003486tO,Delivered
306,SHP-000306,198,36,193.49,2024-08-12,2024-08-26,,DHL Aviation,TRK518376064tf,InTransit
307,SHP-000307,259,25,8.46,2025-11-02,2025-11-17,2025-11-17,UPS Supply Chain,TRK343275604fX,Delivered
308,SHP-000308,233,15,466.41,2024-07-11,2024-07-15,,DB Schenker,TRK776561248ew,InTransit
309,SHP-000309,116,3,28.47,2025-09-19,2025-10-06,,Kuehne+Nagel,TRK698570027YP,InTransit
310,SHP-000310,121,9,48.9,2025-03-28,2025-04-08,,FedEx Freight,TRK206345911kp,Delayed
311,SHP-000311,350,1,144.46,2025-05-20,2025-06-06,2025-06-06,Kuehne+Nagel,TRK829657724lR,Delivered
312,SHP-000312,225,18,244.19,2025-02-09,2025-02-28,,DHL Aviation,TRK954316526yK,InTransit
313,SHP-000313,403,4,102.47,2023-05-01,2023-05-13,2023-05-15,FedEx Freight,TRK300893173qS,Delivered
314,SHP-000314,398,34,42.49,2025-10-14,2025-10-28,,DHL Aviation,TRK206969421xk,InTransit
315,SHP-000315,128,1,42.59,2024-02-27,2024-03-09,,UPS Supply Chain,TRK910867713Tn,InTransit
316,SHP-000316,286,12,89.44,2023-08-10,2023-08-27,2023-08-27,DB Schenker,TRK344762639ns,Delivered
317,SHP-000317,412,25,11.88,2025-01-17,2025-01-31,,Kuehne+Nagel,TRK362620443NC,InTransit
318,SHP-000318,108,27,19.44,2024-08-21,2024-08-27,2024-08-29,UPS Supply Chain,TRK359710725Sz,Delivered
319,SHP-000319,371,38,18.82,2024-01-08,2024-01-10,2024-01-10,DHL Aviation,TRK366941180dv,Delivered
320,SHP-000320,326,25,22.41,2025-09-27,2025-10-06,2025-10-06,DB Schenker,TRK375990048Ny,Delivered
321,SHP-000321,134,37,32.37,2025-05-11,2025-05-27,2025-05-27,DB Schenker,TRK465280924kG,Delivered
322,SHP-000322,453,8,83.18,2025-07-04,2025-07-10,,DHL Aviation,TRK757215862qh,InTransit
323,SHP-000323,45,18,175.81,2024-02-24,2024-03-07,,DHL Aviation,TRK502745644NW,InTransit
324,SHP-000324,461,24,35.22,2024-06-19,2024-06-25,2024-06-25,DB Schenker,TRK485625728QO,Delivered
325,SHP-000325,66,12,10.49,2024-07-27,2024-08-05,2024-08-05,UPS Supply Chain,TRK703203207qk,Delivered
326,SHP-000326,284,26,153.62,2025-06-13,2025-06-19,2025-06-19,DB Schenker,TRK761707587DF,Delivered
327,SHP-000327,86,31,95.53,2024-07-22,2024-08-09,2024-08-11,DB Schenker,TRK121513422VG,Delivered
328,SHP-000328,243,33,16.64,2024-12-09,2024-12-30,,DHL Aviation,TRK499390892Ae,InTransit
329,SHP-000329,187,19,37.59,2025-05-22,2025-06-11,2025-06-13,UPS Supply Chain,TRK371504165Lg,Delivered
330,SHP-000330,384,30,225.55,2024-06-14,2024-07-03,2024-07-03,DB Schenker,TRK520177749Qa,Delivered
331,SHP-000331,160,34,19.01,2025-10-09,2025-10-22,2025-10-27,UPS Supply Chain,TRK509759230ZP,Delivered
332,SHP-000332,13,27,32.39,2023-08-01,2023-08-07,,FedEx Freight,TRK450189616ql,InTransit
333,SHP-000333,36,25,143.94,2025-12-02,2025-12-06,,DB Schenker,TRK361032664PW,InTransit
334,SHP-000334,29,8,35.78,2023-05-03,2023-05-08,2023-05-08,UPS Supply Chain,TRK214764925Qg,Delivered
335,SHP-000335,171,18,9.98,2025-05-21,2025-06-02,2025-06-04,Kuehne+Nagel,TRK583776749MB,Delivered
336,SHP-000336,143,12,152.47,2025-01-30,2025-02-09,2025-02-09,Kuehne+Nagel,TRK165926610Gv,Delivered
337,SHP-000337,399,20,606.41,2024-12-04,2024-12-21,,DB Schenker,TRK732788147Bf,Delayed
338,SHP-000338,343,18,104.43,2026-01-10,2026-01-23,2026-01-25,FedEx Freight,TRK742243864Kd,Delivered
339,SHP-000339,222,24,630.59,2023-04-08,2023-04-27,2023-04-28,Kuehne+Nagel,TRK810818661DQ,Delivered
340,SHP-000340,96,26,157.83,2023-02-02,2023-02-18,2023-02-23,Kuehne+Nagel,TRK945491801VQ,Delivered
341,SHP-000341,52,18,529.66,2024-06-07,2024-06-15,2024-06-15,DB Schenker,TRK722601645LU,Delivered
342,SHP-000342,241,16,85.83,2024-03-09,2024-03-15,2024-03-16,FedEx Freight,TRK779452321VM,Delivered
343,SHP-000343,485,17,2.78,2025-10-18,2025-10-31,2025-11-05,DHL Aviation,TRK416800610kP,Delivered
344,SHP-000344,379,12,121.79,2024-01-10,2024-01-14,2024-01-19,DB Schenker,TRK776974995SR,Delivered
345,SHP-000345,179,7,21.61,2025-10-26,2025-11-01,2025-11-01,UPS Supply Chain,TRK641220310Sm,Delivered
346,SHP-000346,42,32,26.07,2025-09-07,2025-09-18,2025-09-18,DB Schenker,TRK037236831tX,Delivered
347,SHP-000347,499,16,16.57,2023-12-16,2024-01-01,2024-01-01,Kuehne+Nagel,TRK727601227FE,Delivered
348,SHP-000348,422,19,162.51,2023-07-19,2023-07-28,2023-07-29,Kuehne+Nagel,TRK079334960va,Delivered
349,SHP-000349,207,15,3.47,2023-05-17,2023-06-04,2023-06-04,Kuehne+Nagel,TRK166799840Fz,Delivered
350,SHP-000350,283,39,211.33,2025-04-11,2025-04-28,,FedEx Freight,TRK789973080BK,Preparing
351,SHP-000351,255,12,260.92,2024-07-06,2024-07-27,,Kuehne+Nagel,TRK581467179Pw,Delayed
352,SHP-000352,413,18,238.73,2025-08-20,2025-08-25,,UPS Supply Chain,TRK760243757oG,InTransit
353,SHP-000353,5,35,175.16,2023-10-29,2023-11-15,2023-11-15,Kuehne+Nagel,TRK395972466RP,Delivered
354,SHP-000354,257,13,98.73,2025-02-10,2025-02-18,2025-02-20,UPS Supply Chain,TRK572934172lm,Delivered
355,SHP-000355,449,16,249.54,2025-04-14,2025-04-29,2025-04-29,UPS Supply Chain,TRK297167433Jd,Delivered
356,SHP-000356,101,23,735.84,2024-09-24,2024-10-06,2024-10-06,DHL Aviation,TRK054522801vB,Delivered
357,SHP-000357,227,32,66.06,2025-05-09,2025-05-20,2025-05-25,DHL Aviation,TRK193183745Yw,Delivered
358,SHP-000358,430,34,34.45,2023-11-24,2023-12-11,2023-12-16,FedEx Freight,TRK084289107ZD,Delivered
359,SHP-000359,214,6,13.63,2023-09-05,2023-09-20,,Kuehne+Nagel,TRK119918081kO,InTransit
360,SHP-000360,172,22,22.94,2024-06-20,2024-06-29,2024-07-01,FedEx Freight,TRK135247871jP,Delivered
361,SHP-000361,99,13,15.24,2025-03-16,2025-03-29,,DHL Aviation,TRK552137603ZE,Preparing
362,SHP-000362,293,35,134.62,2024-01-05,2024-01-13,2024-01-13,UPS Supply Chain,TRK548214565OQ,Delivered
363,SHP-000363,216,29,8.02,2023-04-06,2023-04-10,2023-04-15,DB Schenker,TRK328632666DH,Delivered
364,SHP-000364,62,15,1.39,2023-12-10,2023-12-13,2023-12-13,DB Schenker,TRK507208115uz,Delivered
365,SHP-000365,48,33,224.74,2023-09-14,2023-09-24,,Kuehne+Nagel,TRK260602908sA,InTransit
366,SHP-000366,33,33,592.28,2024-08-27,2024-08-29,2024-08-30,FedEx Freight,TRK684550489jS,Delivered
367,SHP-000367,268,35,25.83,2024-11-14,2024-11-17,,Kuehne+Nagel,TRK673899756Xm,InTransit
368,SHP-000368,328,10,147.59,2023-05-04,2023-05-16,2023-05-16,Kuehne+Nagel,TRK410856288sn,Delivered
369,SHP-000369,201,37,4.23,2025-05-27,2025-06-12,2025-06-13,DB Schenker,TRK188485200YI,Delivered
370,SHP-000370,447,23,595.31,2025-09-14,2025-09-26,,FedEx Freight,TRK943468105qO,Preparing
371,SHP-000371,28,4,12.24,2025-11-17,2025-11-21,2025-11-21,UPS Supply Chain,TRK851017490Dv,Delivered
372,SHP-000372,425,12,204.56,2023-06-10,2023-06-13,2023-06-13,DHL Aviation,TRK399893544QY,Delivered
373,SHP-000373,231,24,74.08,2024-12-17,2024-12-28,,Kuehne+Nagel,TRK926831589mX,InTransit
374,SHP-000374,261,23,144.73,2024-04-13,2024-04-20,2024-04-20,UPS Supply Chain,TRK571266110Bi,Delivered
375,SHP-000375,289,8,309.45,2024-07-24,2024-08-08,2024-08-13,FedEx Freight,TRK737158698HX,Delivered
376,SHP-000376,163,26,52.47,2024-10-04,2024-10-07,2024-10-12,DB Schenker,TRK649767762jG,Delivered
377,SHP-000377,426,23,80.99,2025-08-11,2025-08-28,,Kuehne+Nagel,TRK277288137Ec,Preparing
378,SHP-000378,139,25,88.98,2024-11-22,2024-12-07,,UPS Supply Chain,TRK285196115Ks,Preparing
379,SHP-000379,63,40,322.91,2025-06-22,2025-07-06,2025-07-08,FedEx Freight,TRK082154544Fb,Delivered
380,SHP-000380,136,22,121.57,2024-12-10,2024-12-29,,FedEx Freight,TRK229604432VF,Delayed
381,SHP-000381,129,11,233.56,2023-09-17,2023-09-25,,UPS Supply Chain,TRK018510679tK,InTransit
382,SHP-000382,477,1,302.85,2025-01-01,2025-01-04,2025-01-04,UPS Supply Chain,TRK756792287WC,Delivered
383,SHP-000383,9,34,2.18,2025-09-08,2025-09-20,,DHL Aviation,TRK725199663zv,Delayed
384,SHP-000384,327,6,37.75,2025-07-24,2025-07-29,,DHL Aviation,TRK807412094JP,Preparing
385,SHP-000385,464,30,864.01,2025-09-24,2025-10-09,,DB Schenker,TRK181398909Hm,InTransit
386,SHP-000386,65,37,458.69,2024-10-06,2024-10-17,,Kuehne+Nagel,TRK780182043pT,Cancelled
387,SHP-000387,301,25,45.34,2025-07-28,2025-07-31,2025-07-31,Kuehne+Nagel,TRK971895690Fb,Delivered
388,SHP-000388,15,20,49.25,2024-07-02,2024-07-08,2024-07-08,Kuehne+Nagel,TRK562608564fh,Delivered
389,SHP-000389,157,2,82.8,2023-09-22,2023-09-28,,UPS Supply Chain,TRK182422412tA,InTransit
390,SHP-000390,41,39,16.85,2025-11-22,2025-11-30,,FedEx Freight,TRK209520046gu,Cancelled
391,SHP-000391,380,40,25.29,2024-11-30,2024-12-16,,DB Schenker,TRK265461033WM,InTransit
392,SHP-000392,469,38,27.87,2025-11-07,2025-11-24,2025-11-24,FedEx Freight,TRK937886140uD,Delivered
393,SHP-000393,404,40,43.02,2025-05-17,2025-06-05,2025-06-10,DHL Aviation,TRK861706304JL,Delivered
394,SHP-000394,217,39,37.47,2024-07-04,2024-07-23,,DB Schenker,TRK138249671OG,InTransit
395,SHP-000395,280,19,396.28,2025-08-20,2025-09-09,,FedEx Freight,TRK325823868Cc,Delayed
396,SHP-000396,435,18,29.86,2025-09-29,2025-10-08,,Kuehne+Nagel,TRK079420074Mq,InTransit
397,SHP-000397,431,2,6.43,2025-08-19,2025-08-23,2025-08-25,DHL Aviation,TRK653984028Ke,Delivered
398,SHP-000398,338,3,30.0,2024-04-25,2024-05-11,2024-05-11,DHL Aviation,TRK416128463NG,Delivered
399,SHP-000399,237,13,552.13,2024-08-15,2024-09-02,2024-09-03,DHL Aviation,TRK554743553DM,Delivered
400,SHP-000400,208,38,216.82,2024-10-19,2024-11-04,,DB Schenker,TRK502097002AJ,InTransit
